-- phpMyAdmin SQL Dump
-- version 5.2.0
-- https://www.phpmyadmin.net/
--
-- Servidor: 127.0.0.1
-- Tiempo de generación: 06-09-2025 a las 23:17:13
-- Versión del servidor: 10.4.24-MariaDB
-- Versión de PHP: 7.4.29

SET SQL_MODE = "NO_AUTO_VALUE_ON_ZERO";
START TRANSACTION;
SET time_zone = "+00:00";


/*!40101 SET @OLD_CHARACTER_SET_CLIENT=@@CHARACTER_SET_CLIENT */;
/*!40101 SET @OLD_CHARACTER_SET_RESULTS=@@CHARACTER_SET_RESULTS */;
/*!40101 SET @OLD_COLLATION_CONNECTION=@@COLLATION_CONNECTION */;
/*!40101 SET NAMES utf8mb4 */;

--
-- Base de datos: `market-pos`
--

DELIMITER $$
--
-- Procedimientos
--
CREATE DEFINER=`` PROCEDURE `AA` (IN `FF` TEXT)  NO SQL (SELECT * 
FROM candidatos)

UNION ALL

(SELECT * 
FROM tab_vt_distritales)$$

CREATE DEFINER=`root`@`localhost` PROCEDURE `juju` ()   BEGIN
select '' as detalles,
		p.id_candidato,
		p.codigo_agrupacion,
		c.codigo_agrupacion,
		c.agrupacion_politica,
		p.nombre_candidato,
        
case when c.codigo_agrupacion = 1 then
	concat(p.codigo_agrupacion,'') else
	concat(p.codigo_agrupacion,'') end as agrupacion_politica,
	p.nombre_candidato,
	c.agrupacion_politica,
	'' as opciones


from candidatos p inner join grupos_politicos c on p.codigo_agrupacion = c.codigo_agrupacion order by p.id_candidato desc;
END$$

CREATE DEFINER=`root`@`localhost` PROCEDURE `prc_eliminar_venta` (IN `p_nro_boleta` VARCHAR(8))   BEGIN

DECLARE v_codigo VARCHAR(20);
DECLARE v_cantidad FLOAT;
DECLARE done INT DEFAULT FALSE;
DECLARE cursor_i CURSOR FOR 
SELECT codigo_producto,cantidad 
FROM venta_detalle 
where CAST(nro_boleta AS CHAR CHARACTER SET utf8)  = CAST(p_nro_boleta AS CHAR CHARACTER SET utf8) ;

DECLARE CONTINUE HANDLER FOR NOT FOUND SET done = TRUE;

OPEN cursor_i;
read_loop: LOOP
FETCH cursor_i INTO v_codigo, v_cantidad;

	IF done THEN
	  LEAVE read_loop;
	END IF;
    
    UPDATE PRODUCTOS 
       SET stock_producto = stock_producto + v_cantidad
    WHERE CAST(codigo_producto AS CHAR CHARACTER SET utf8) = CAST(v_codigo AS CHAR CHARACTER SET utf8);
    
   DELETE FROM VENTA_DETALLE WHERE CAST(nro_boleta AS CHAR CHARACTER SET utf8) = CAST(p_nro_boleta AS CHAR CHARACTER SET utf8) ;
    DELETE FROM VENTA_CABECERA WHERE CAST(nro_boleta AS CHAR CHARACTER SET utf8)  = CAST(p_nro_boleta AS CHAR CHARACTER SET utf8) ;

END LOOP;
CLOSE cursor_i;

SELECT 'Se eliminó correctamente la venta';
END$$

CREATE DEFINER=`root`@`localhost` PROCEDURE `prc_ListarProductos` ()   BEGIN
select '' as detalles,
		p.id,
		p.codigo_producto,
		c.id_categoria,
		c.nombre_categoria,
		p.descripcion_producto,
        
ROUND(p.precio_compra_producto,2) as precio_compra,
ROUND(p.precio_venta_producto,2) as precio_venta,
ROUND(p.utilidad,2) as utilidad,

case when c.aplica_peso = 1 then
 	concat(p.stock_producto,' KL(s)') else
	concat(p.stock_producto,' Und(s)') end as stock,

case when c.aplica_peso = 1 then
	concat(p.minimo_stock_producto,' KL(s)') else
	concat(p.minimo_stock_producto,' Und(s)') end as 
	minimo_stock,

case when c.aplica_peso = 1 then
	concat(p.ventas_producto,' KL(s)') else
	concat(p.ventas_producto,' Und(s)') end as ventas,
	p.fecha_creacion_producto,
	p.fecha_actualizacion_producto,
	'' as opciones

from productos p inner join categorias c on p.id_categoria_producto = c.id_categoria order by p.id desc;
END$$

CREATE DEFINER=`root`@`localhost` PROCEDURE `prc_ListarProductosMasVendidos` ()  NO SQL BEGIN

select  p.codigo_agrupacion,
		p.nombre_candidato,
        sum(vd.vt_dist) as cantidad,
        sum(Round(vd.vt_dist)) as total_venta
from tab_vt_distritales vd inner join candidatos p on vd.codigo_agrupacion = p.codigo_agrupacion WHERE p.ubigeo='140901'
group by p.codigo_agrupacion,
		p.nombre_candidato
order by  sum(Round(vd.vt_dist)) DESC
limit 10;

END$$

CREATE DEFINER=`root`@`localhost` PROCEDURE `prc_ListarProductosPocoStock` ()  NO SQL BEGIN

select  p.codigo_agrupacion,
		p.nombre_candidato,
        sum(vd.vt_dist) as cantidad,
        sum(Round(vd.vt_dist)) as total_venta
from tab_vt_distritales vd inner join candidatos p on vd.codigo_agrupacion = p.codigo_agrupacion WHERE p.ubigeo='140902'
group by p.codigo_agrupacion,
		p.nombre_candidato
order by  sum(Round(vd.vt_dist)) DESC
limit 10;

END$$

CREATE DEFINER=`root`@`localhost` PROCEDURE `prc_ObtenerDatosDashboard` ()  NO SQL BEGIN
declare totalProductos int;
declare totalCompras float;
declare totalVentas float;
declare ganancias float;
declare productosPocoStock int;
declare ventasHoy float;

SET totalProductos = (SELECT count(*) FROM tab_vt_provincial_xdistritos);
SET totalCompras = (select sum(vt_region) from tab_vt_regional_xdistritos);
set totalVentas = (select sum(vc.total_venta) from venta_cabecera vc where EXTRACT(MONTH FROM vc.fecha_venta) = EXTRACT(MONTH FROM curdate()) and EXTRACT(YEAR FROM vc.fecha_venta) = EXTRACT(YEAR FROM curdate()));
set ganancias = (select sum(vd.total_venta - (p.precio_compra_producto * vd.cantidad)) from venta_detalle vd inner join productos p on vd.codigo_producto = p.codigo_producto
                 where EXTRACT(MONTH FROM vd.fecha_venta) = EXTRACT(MONTH FROM curdate()) and EXTRACT(YEAR FROM vd.fecha_venta) = EXTRACT(YEAR FROM curdate()));
set productosPocoStock = (select count(1) from productos p where p.stock_producto <= p.minimo_stock_producto);

set ventasHoy = (select sum(vc.total_venta) from venta_cabecera vc where EXTRACT(DAY FROM vc.fecha_venta) = EXTRACT(DAY FROM curdate()) and EXTRACT(DAY FROM vc.fecha_venta) = EXTRACT(DAY FROM curdate()));


SELECT IFNULL(totalProductos,0) AS totalProductos,
	   IFNULL(ROUND(totalCompras),0) AS totalCompras,
       IFNULL(ROUND(totalVentas,2),0) AS totalVentas,
       IFNULL(ROUND(ganancias,2),0) AS ganancias,
       IFNULL(productosPocoStock,0) AS productosPocoStock,
       IFNULL(ROUND(ventasHoy,2),0) AS ventasHoy;

END$$

CREATE DEFINER=`root`@`localhost` PROCEDURE `prc_obtenerNroBoleta` ()  NO SQL select serie_boleta,
 IFNULL(LPAD(max(c.nro_correlativo_venta)+1,8,'0'),'00000001') nro_venta
from empresa c$$

CREATE DEFINER=`root`@`localhost` PROCEDURE `prc_ObtenerVentasMesActual` ()  NO SQL BEGIN
SELECT date(vc.fecha_venta) as fecha_venta,
		sum(round(vc.total_venta,2)) as total_venta,
        sum(round(vc.total_venta,2)) as total_venta_ant
FROM venta_cabecera vc
where date(vc.fecha_venta) >= date(last_day(now() - INTERVAL 1 month) + INTERVAL 1 day)
and date(vc.fecha_venta) <= last_day(date(CURRENT_DATE))
group by date(vc.fecha_venta);
END$$

DELIMITER ;

-- --------------------------------------------------------

--
-- Estructura de tabla para la tabla `candidatos`
--

CREATE TABLE `candidatos` (
  `id_candidato` int(11) NOT NULL,
  `ubigeo` varchar(8) NOT NULL,
  `codigo_agrupacion` float NOT NULL,
  `nombre_candidato` text NOT NULL
) ENGINE=InnoDB DEFAULT CHARSET=utf8;

--
-- Volcado de datos para la tabla `candidatos`
--

INSERT INTO `candidatos` (`id_candidato`, `ubigeo`, `codigo_agrupacion`, `nombre_candidato`) VALUES
(1, '140901', 7, 'JUAN ANTONIO PAREDES FUNG'),
(2, '140901', 17, 'DELFIN EUDES TORRES GUILLEN'),
(3, '140901', 18, 'JAVIER OSWALDO TORRES AGUIRRE'),
(4, '140901', 8, 'GLICERIO BAYONA SAAVEDRA'),
(5, '140901', 1, 'LUIS EMILIO UENO SAMANAMUD'),
(6, '140901', 6, 'JORGE ALEJO SHIMABUKURO VELASQUEZ'),
(7, '140901', 12, 'CLAUDIO MARCELO ORTIZ CHAVEZ'),
(8, '140901', 14, 'HERNAN VASQUEZ MORENO'),
(9, '140901', 4, 'HERMANN RICHARD PRINCIPE SALVADOR'),
(10, '140901', 10, 'ORLANDO ALBERTO TAPIA OLIVARES'),
(11, '140901', 5, 'REYNALDO AQUILES GARCIA MEDINA'),
(12, '140902', 7, 'JAVIER ALFREDO CABALLERO GARRIAZO'),
(13, '140902', 17, 'JORGE LUIS BORJA VILLON'),
(14, '140902', 8, 'LUIS EDUARDO ROSAS RUIZ'),
(15, '140902', 9, 'JORGE LUIS GIRALDO LUNA'),
(16, '140902', 13, 'JACKELYNE DEL PILAR LOPEZ COCHACHIN'),
(17, '140902', 1, 'LUIS EDUARDO ARRESTEGUI PAJUELO'),
(18, '140902', 6, 'JOAQUIN ARTURO VERGARA MANRIQUE'),
(19, '140902', 12, 'EDGAR MANUEL PEREZ PIÑAN'),
(20, '140902', 14, 'JUAN GABRIEL MATIAS CASTILLO'),
(21, '140902', 3, 'WALTER LUIS CHAVEZ QUITO'),
(22, '140902', 16, 'VICTOR REQUELME SANTIAGO'),
(23, '140902', 4, 'ROBERTO MANUEL DIAZ DE LA CRUZ'),
(24, '140902', 10, 'ELIZABETH MERCEDES VARA CASTRO'),
(25, '140902', 5, 'JAIME HUMBERTO ABAD HARO'),
(26, '140903', 18, 'KATTERINE VANEZA CORREA SALAZAR'),
(27, '140903', 8, 'SANDRA YANET BUENDIA LARA'),
(28, '140903', 9, 'MANUEL ENRIQUE ROMERO BRANDAN'),
(29, '140903', 13, 'CARLOS ENRIQUE ROLDAN LLERENA'),
(30, '140903', 1, 'CARLOS MICHELL RIVERA BAZALAR'),
(31, '140903', 6, 'CARLOS ENRIQUE PADUA POPAYAN'),
(32, '140903', 14, 'JOSE MANUEL SALDAÑA RIVERO'),
(33, '140903', 4, 'GEORGE ALEXANDER GUEVARA VILLANUEVA'),
(34, '140904', 7, 'NELLY EDUVINIA RAMIREZ DE ALBUJAR'),
(35, '140904', 17, 'PEDRO ANDRES RODRIGUEZ FIGUEROA'),
(36, '140904', 18, 'ELDER JUNIOR ROMAN LEON'),
(37, '140904', 8, 'MOISES PAUCAR GONZALES'),
(38, '140904', 9, 'EDMUNDO LAVARELLO WINDER'),
(39, '140904', 13, 'LENIN LUIS PAJUELO DIAZ'),
(40, '140904', 1, 'CARLOS MIGUEL BRAGAYRAC SIMS'),
(41, '140904', 6, 'HERNANDO PASCUAL OLLAGUE PAUCAR'),
(42, '140904', 12, 'JENNIE ELIZABETH TELLO CHANG'),
(43, '140904', 4, 'ALBINO ALEJANDRO GOMEZ JARA'),
(44, '140904', 10, 'VICTOR RODOLFO DIAZ GONZALES'),
(45, '140904', 5, 'ROLANDO BEDON FERRER'),
(46, '140905', 8, 'ISABEL LORENA TELLES BEJARANO'),
(47, '140905', 1, 'VICTOR MANUEL FRANCIA ARQUINIO'),
(48, '140905', 6, 'JESUS EDMUNDO GONZALES CAMILOAGA'),
(49, '140905', 12, 'MARIO CERAPIO BLAS CARRION'),
(50, '140905', 14, 'SUSANA QUIROZ BETETA'),
(51, '140905', 4, 'VICTOR MARTIN CASTILLO ACUÑA'),
(52, '140905', 10, 'ERIK SANTIAGO VENTURO CASTILLO'),
(53, '140905', 10, 'ERIK SANTIAGO VENTURO CASTILLO'),
(54, '16', 17, 'CARLOS ALBERTO ALMERI VERAMENDI'),
(55, '16', 18, 'SANTOS TOMAS QUISPE MURGA'),
(56, '16', 8, 'NELSON OSWALDO CHUI MEJIA'),
(57, '16', 1, 'ROSA GLORIA VASQUEZ CUADRADO'),
(58, '16', 6, 'MARINO JUAN LLANOS COCA'),
(59, '16', 12, 'MARLENE ISMAELDA LUYO LUDEÑA'),
(60, '16', 16, 'MARIELA CATHERINE PRADO LINARES'),
(61, '16', 4, 'JOSE CARLOS BAUTISTA RUBIO'),
(62, '16', 10, 'ANDRES EDUARDO TELLO VELAZCO'),
(63, '16', 5, 'RAFAEL GASTON TADEO MILAGROS SANTOS NORMAND');

-- --------------------------------------------------------

--
-- Estructura de tabla para la tabla `categorias`
--

CREATE TABLE `categorias` (
  `id_categoria` int(11) NOT NULL,
  `nombre_categoria` text COLLATE utf8_spanish_ci DEFAULT NULL,
  `aplica_peso` int(11) NOT NULL,
  `fecha_creacion_categoria` timestamp NOT NULL DEFAULT current_timestamp() ON UPDATE current_timestamp(),
  `fecha_actualizacion_categoria` date DEFAULT NULL
) ENGINE=InnoDB DEFAULT CHARSET=utf8 COLLATE=utf8_spanish_ci;

--
-- Volcado de datos para la tabla `categorias`
--

INSERT INTO `categorias` (`id_categoria`, `nombre_categoria`, `aplica_peso`, `fecha_creacion_categoria`, `fecha_actualizacion_categoria`) VALUES
(78, 'Frutas', 1, '2022-09-30 05:33:22', '2022-09-30'),
(79, 'Verduras', 1, '2022-09-30 05:33:22', '2022-09-30'),
(80, 'Snack', 0, '2022-09-30 05:33:22', '2022-09-30'),
(81, 'Avena', 0, '2022-09-30 05:33:22', '2022-09-30'),
(82, 'Energizante', 0, '2022-09-30 05:33:22', '2022-09-30'),
(83, 'Jugo', 0, '2022-09-30 05:33:22', '2022-09-30'),
(84, 'Refresco', 0, '2022-09-30 05:33:22', '2022-09-30'),
(85, 'Mantequilla', 0, '2022-09-30 05:33:22', '2022-09-30'),
(86, 'Gaseosa', 0, '2022-09-30 05:33:22', '2022-09-30'),
(87, 'Aceite', 0, '2022-09-30 05:33:22', '2022-09-30'),
(88, 'Yogurt', 0, '2022-09-30 05:33:22', '2022-09-30'),
(89, 'Arroz', 0, '2022-09-30 05:33:22', '2022-09-30'),
(90, 'Leche', 0, '2022-09-30 05:33:22', '2022-09-30'),
(91, 'Papel Higiénico', 0, '2022-09-30 05:33:22', '2022-09-30'),
(92, 'Atún', 0, '2022-09-30 05:33:22', '2022-09-30'),
(93, 'Chocolate', 0, '2022-09-30 05:33:22', '2022-09-30'),
(94, 'Wafer', 0, '2022-09-30 05:33:22', '2022-09-30'),
(95, 'Golosina', 0, '2022-09-30 05:33:22', '2022-09-30'),
(96, 'Galletas', 0, '2022-09-30 05:33:22', '2022-09-30'),
(97, '1343', 0, '2022-10-01 06:02:57', '2022-10-01'),
(98, '232', 1, '2022-10-01 11:58:35', '2022-10-01');

-- --------------------------------------------------------

--
-- Estructura de tabla para la tabla `distritos`
--

CREATE TABLE `distritos` (
  `ubigeo_reniec` int(6) NOT NULL,
  `ubigeo_inei` int(6) NOT NULL,
  `id_departamento` int(2) NOT NULL,
  `id_region` int(2) NOT NULL,
  `id_provincia` int(3) NOT NULL COMMENT 'llave foranea',
  `nom_distrito` text DEFAULT NULL
) ENGINE=InnoDB DEFAULT CHARSET=utf8;

--
-- Volcado de datos para la tabla `distritos`
--

INSERT INTO `distritos` (`ubigeo_reniec`, `ubigeo_inei`, `id_departamento`, `id_region`, `id_provincia`, `nom_distrito`) VALUES
(10101, 10101, 1, 1, 26, 'CHACHAPOYAS'),
(10102, 10102, 1, 1, 1, 'ASUNCION'),
(10103, 10103, 1, 1, 1, 'BALSAS'),
(10104, 10104, 1, 1, 1, 'CHETO'),
(10105, 10105, 1, 1, 1, 'CHILIQUIN'),
(10106, 10106, 1, 1, 1, 'CHUQUIBAMBA'),
(10107, 10107, 1, 1, 1, 'GRANADA'),
(10108, 10108, 1, 1, 1, 'HUANCAS'),
(10109, 10109, 1, 1, 1, 'LA JALCA'),
(10110, 10110, 1, 1, 1, 'LEIMEBAMBA'),
(10111, 10111, 1, 1, 1, 'LEVANTO'),
(10112, 10112, 1, 1, 1, 'MAGDALENA'),
(10113, 10113, 1, 1, 1, 'MARISCAL CASTILLA'),
(10114, 10114, 1, 1, 1, 'MOLINOPAMPA'),
(10115, 10115, 1, 1, 1, 'MONTEVIDEO'),
(10116, 10116, 1, 1, 1, 'OLLEROS'),
(10117, 10117, 1, 1, 1, 'QUINJALCA'),
(10118, 10118, 1, 1, 1, 'SAN FRANCISCO DE DAGUAS'),
(10119, 10119, 1, 1, 1, 'SAN ISIDRO DE MAINO'),
(10120, 10120, 1, 1, 1, 'SOLOCO'),
(10121, 10121, 1, 1, 1, 'SONCHE'),
(10201, 10206, 1, 1, 2, 'LA PECA'),
(10202, 10202, 1, 1, 2, 'ARAMANGO'),
(10203, 10203, 1, 1, 2, 'COPALLIN'),
(10204, 10204, 1, 1, 2, 'EL PARCO'),
(10205, 10201, 1, 1, 2, 'BAGUA'),
(10206, 10205, 1, 1, 2, 'IMAZA'),
(10301, 10301, 1, 1, 3, 'JUMBILLA'),
(10302, 10304, 1, 1, 3, 'COROSHA'),
(10303, 10305, 1, 1, 3, 'CUISPES'),
(10304, 10302, 1, 1, 3, 'CHISQUILLA'),
(10305, 10303, 1, 1, 3, 'CHURUJA'),
(10306, 10306, 1, 1, 3, 'FLORIDA'),
(10307, 10308, 1, 1, 3, 'RECTA'),
(10308, 10309, 1, 1, 3, 'SAN CARLOS'),
(10309, 10310, 1, 1, 3, 'SHIPASBAMBA'),
(10310, 10311, 1, 1, 3, 'VALERA'),
(10311, 10312, 1, 1, 3, 'YAMBRASBAMBA'),
(10312, 10307, 1, 1, 3, 'JAZAN'),
(10401, 10501, 1, 1, 5, 'LAMUD'),
(10402, 10502, 1, 1, 5, 'CAMPORREDONDO'),
(10403, 10503, 1, 1, 5, 'COCABAMBA'),
(10404, 10504, 1, 1, 5, 'COLCAMAR'),
(10405, 10505, 1, 1, 5, 'CONILA'),
(10406, 10506, 1, 1, 5, 'INGUILPATA'),
(10407, 10507, 1, 1, 5, 'LONGUITA'),
(10408, 10508, 1, 1, 5, 'LONYA CHICO'),
(10409, 10509, 1, 1, 5, 'LUYA'),
(10410, 10510, 1, 1, 5, 'LUYA VIEJO'),
(10411, 10511, 1, 1, 5, 'MARIA'),
(10412, 10512, 1, 1, 5, 'OCALLI'),
(10413, 10513, 1, 1, 5, 'OCUMAL'),
(10414, 10514, 1, 1, 5, 'PISUQUIA'),
(10415, 10516, 1, 1, 5, 'SAN CRISTOBAL'),
(10416, 10517, 1, 1, 5, 'SAN FRANCISCO DEL YESO'),
(10417, 10518, 1, 1, 5, 'SAN JERONIMO'),
(10418, 10519, 1, 1, 5, 'SAN JUAN DE LOPECANCHA'),
(10419, 10520, 1, 1, 5, 'SANTA CATALINA'),
(10420, 10521, 1, 1, 5, 'SANTO TOMAS'),
(10421, 10522, 1, 1, 5, 'TINGO'),
(10422, 10523, 1, 1, 5, 'TRITA'),
(10423, 10515, 1, 1, 5, 'PROVIDENCIA'),
(10501, 10601, 1, 1, 6, 'SAN NICOLAS'),
(10502, 10603, 1, 1, 6, 'COCHAMAL'),
(10503, 10602, 1, 1, 6, 'CHIRIMOTO'),
(10504, 10604, 1, 1, 6, 'HUAMBO'),
(10505, 10605, 1, 1, 6, 'LIMABAMBA'),
(10506, 10606, 1, 1, 6, 'LONGAR'),
(10507, 10608, 1, 1, 6, 'MILPUC'),
(10508, 10607, 1, 1, 6, 'MARISCAL BENAVIDES'),
(10509, 10609, 1, 1, 6, 'OMIA'),
(10510, 10610, 1, 1, 6, 'SANTA ROSA'),
(10511, 10611, 1, 1, 6, 'TOTORA'),
(10512, 10612, 1, 1, 6, 'VISTA ALEGRE'),
(10601, 10401, 1, 1, 4, 'NIEVA'),
(10602, 10403, 1, 1, 4, 'RIO SANTIAGO'),
(10603, 10402, 1, 1, 4, 'EL CENEPA'),
(10701, 10701, 1, 1, 7, 'BAGUA GRANDE'),
(10702, 10702, 1, 1, 7, 'CAJARURO'),
(10703, 10703, 1, 1, 7, 'CUMBA'),
(10704, 10704, 1, 1, 7, 'EL MILAGRO'),
(10705, 10705, 1, 1, 7, 'JAMALCA'),
(10706, 10706, 1, 1, 7, 'LONYA GRANDE'),
(10707, 10707, 1, 1, 7, 'YAMON'),
(20101, 20101, 2, 2, 8, 'HUARAZ'),
(20102, 20105, 2, 2, 8, 'INDEPENDENCIA'),
(20103, 20102, 2, 2, 8, 'COCHABAMBA'),
(20104, 20103, 2, 2, 8, 'COLCABAMBA'),
(20105, 20104, 2, 2, 8, 'HUANCHAY'),
(20106, 20106, 2, 2, 8, 'JANGAS'),
(20107, 20107, 2, 2, 8, 'LA LIBERTAD'),
(20108, 20108, 2, 2, 8, 'OLLEROS'),
(20109, 20109, 2, 2, 8, 'PAMPAS'),
(20110, 20110, 2, 2, 8, 'PARIACOTO'),
(20111, 20111, 2, 2, 8, 'PIRA'),
(20112, 20112, 2, 2, 8, 'TARICA'),
(20201, 20201, 2, 2, 9, 'AIJA'),
(20203, 20202, 2, 2, 9, 'CORIS'),
(20205, 20203, 2, 2, 9, 'HUACLLAN'),
(20206, 20204, 2, 2, 9, 'LA MERCED'),
(20208, 20205, 2, 2, 9, 'SUCCHA'),
(20301, 20501, 2, 2, 12, 'CHIQUIAN'),
(20302, 20502, 2, 2, 12, 'ABELARDO PARDO LEZAMETA'),
(20304, 20504, 2, 2, 12, 'AQUIA'),
(20305, 20505, 2, 2, 12, 'CAJACAY'),
(20310, 20510, 2, 2, 12, 'HUAYLLACAYAN'),
(20311, 20509, 2, 2, 12, 'HUASTA'),
(20313, 20512, 2, 2, 12, 'MANGAS'),
(20315, 20513, 2, 2, 12, 'PACLLON'),
(20317, 20514, 2, 2, 12, 'SAN MIGUEL DE CORPANQUI'),
(20320, 20515, 2, 2, 12, 'TICLLOS'),
(20321, 20503, 2, 2, 12, 'ANTONIO RAYMONDI'),
(20322, 20506, 2, 2, 12, 'CANIS'),
(20323, 20507, 2, 2, 12, 'COLQUIOC'),
(20324, 20511, 2, 2, 12, 'LA PRIMAVERA'),
(20325, 20508, 2, 2, 12, 'HUALLANCA'),
(20401, 20601, 2, 2, 13, 'CARHUAZ'),
(20402, 20602, 2, 2, 13, 'ACOPAMPA'),
(20403, 20603, 2, 2, 13, 'AMASHCA'),
(20404, 20604, 2, 2, 13, 'ANTA'),
(20405, 20605, 2, 2, 13, 'ATAQUERO'),
(20406, 20606, 2, 2, 13, 'MARCARA'),
(20407, 20607, 2, 2, 13, 'PARIAHUANCA'),
(20408, 20608, 2, 2, 13, 'SAN MIGUEL DE ACO'),
(20409, 20609, 2, 2, 13, 'SHILLA'),
(20410, 20610, 2, 2, 13, 'TINCO'),
(20411, 20611, 2, 2, 13, 'YUNGAR'),
(20501, 20801, 2, 2, 15, 'CASMA'),
(20502, 20802, 2, 2, 15, 'BUENA VISTA ALTA'),
(20503, 20803, 2, 2, 15, 'COMANDANTE NOEL'),
(20505, 20804, 2, 2, 15, 'YAUTAN'),
(20601, 20901, 2, 2, 16, 'CORONGO'),
(20602, 20902, 2, 2, 16, 'ACO'),
(20603, 20903, 2, 2, 16, 'BAMBAS'),
(20604, 20904, 2, 2, 16, 'CUSCA'),
(20605, 20905, 2, 2, 16, 'LA PAMPA'),
(20606, 20906, 2, 2, 16, 'YANAC'),
(20607, 20907, 2, 2, 16, 'YUPAN'),
(20701, 21201, 2, 2, 19, 'CARAZ'),
(20702, 21202, 2, 2, 19, 'HUALLANCA'),
(20703, 21203, 2, 2, 19, 'HUATA'),
(20704, 21204, 2, 2, 19, 'HUAYLAS'),
(20705, 21205, 2, 2, 19, 'MATO'),
(20706, 21206, 2, 2, 19, 'PAMPAROMAS'),
(20707, 21207, 2, 2, 19, 'PUEBLO LIBRE'),
(20708, 21208, 2, 2, 19, 'SANTA CRUZ'),
(20709, 21210, 2, 2, 19, 'YURACMARCA'),
(20710, 21209, 2, 2, 19, 'SANTO TORIBIO'),
(20801, 21001, 2, 2, 17, 'HUARI'),
(20802, 21003, 2, 2, 17, 'CAJAY'),
(20803, 21004, 2, 2, 17, 'CHAVIN DE HUANTAR'),
(20804, 21005, 2, 2, 17, 'HUACACHI'),
(20805, 21007, 2, 2, 17, 'HUACHIS'),
(20806, 21006, 2, 2, 17, 'HUACCHIS'),
(20807, 21008, 2, 2, 17, 'HUANTAR'),
(20808, 21009, 2, 2, 17, 'MASIN'),
(20809, 21010, 2, 2, 17, 'PAUCAS'),
(20810, 21011, 2, 2, 17, 'PONTO'),
(20811, 21012, 2, 2, 17, 'RAHUAPAMPA'),
(20812, 21013, 2, 2, 17, 'RAPAYAN'),
(20813, 21014, 2, 2, 17, 'SAN MARCOS'),
(20814, 21015, 2, 2, 17, 'SAN PEDRO DE CHANA'),
(20815, 21016, 2, 2, 17, 'UCO'),
(20816, 21002, 2, 2, 17, 'ANRA'),
(20901, 21301, 2, 2, 20, 'PISCOBAMBA'),
(20902, 21302, 2, 2, 20, 'CASCA'),
(20903, 21307, 2, 2, 20, 'LUCMA'),
(20904, 21304, 2, 2, 20, 'FIDEL OLIVAS ESCUDERO'),
(20905, 21305, 2, 2, 20, 'LLAMA'),
(20906, 21306, 2, 2, 20, 'LLUMPA'),
(20907, 21308, 2, 2, 20, 'MUSGA'),
(20908, 21303, 2, 2, 20, 'ELEAZAR GUZMAN BARRON'),
(21001, 21501, 2, 2, 22, 'CABANA'),
(21002, 21502, 2, 2, 22, 'BOLOGNESI'),
(21003, 21503, 2, 2, 22, 'CONCHUCOS'),
(21004, 21504, 2, 2, 22, 'HUACASCHUQUE'),
(21005, 21505, 2, 2, 22, 'HUANDOVAL'),
(21006, 21506, 2, 2, 22, 'LACABAMBA'),
(21007, 21507, 2, 2, 22, 'LLAPO'),
(21008, 21508, 2, 2, 22, 'PALLASCA'),
(21009, 21509, 2, 2, 22, 'PAMPAS'),
(21010, 21510, 2, 2, 22, 'SANTA ROSA'),
(21011, 21511, 2, 2, 22, 'TAUCA'),
(21101, 21601, 2, 2, 23, 'POMABAMBA'),
(21102, 21602, 2, 2, 23, 'HUAYLLAN'),
(21103, 21603, 2, 2, 23, 'PAROBAMBA'),
(21104, 21604, 2, 2, 23, 'QUINUABAMBA'),
(21201, 21701, 2, 2, 24, 'RECUAY'),
(21202, 21703, 2, 2, 24, 'COTAPARACO'),
(21203, 21704, 2, 2, 24, 'HUAYLLAPAMPA'),
(21204, 21706, 2, 2, 24, 'MARCA'),
(21205, 21707, 2, 2, 24, 'PAMPAS CHICO'),
(21206, 21708, 2, 2, 24, 'PARARIN'),
(21207, 21709, 2, 2, 24, 'TAPACOCHA'),
(21208, 21710, 2, 2, 24, 'TICAPAMPA'),
(21209, 21705, 2, 2, 24, 'LLACLLIN'),
(21210, 21702, 2, 2, 24, 'CATAC'),
(21301, 21801, 2, 2, 25, 'CHIMBOTE'),
(21302, 21802, 2, 2, 25, 'CACERES DEL PERU'),
(21303, 21804, 2, 2, 25, 'MACATE'),
(21304, 21805, 2, 2, 25, 'MORO'),
(21305, 21806, 2, 2, 25, 'NEPEÑA'),
(21306, 21807, 2, 2, 25, 'SAMANCO'),
(21307, 21808, 2, 2, 25, 'SANTA'),
(21308, 21803, 2, 2, 25, 'COISHCO'),
(21309, 21809, 2, 2, 25, 'NUEVO CHIMBOTE'),
(21401, 21901, 2, 2, 26, 'SIHUAS'),
(21402, 21903, 2, 2, 26, 'ALFONSO UGARTE'),
(21403, 21905, 2, 2, 26, 'CHINGALPO'),
(21404, 21906, 2, 2, 26, 'HUAYLLABAMBA'),
(21405, 21907, 2, 2, 26, 'QUICHES'),
(21406, 21910, 2, 2, 26, 'SICSIBAMBA'),
(21407, 21902, 2, 2, 26, 'ACOBAMBA'),
(21408, 21904, 2, 2, 26, 'CASHAPAMPA'),
(21409, 21908, 2, 2, 26, 'RAGASH'),
(21410, 21909, 2, 2, 26, 'SAN JUAN'),
(21501, 22001, 2, 2, 27, 'YUNGAY'),
(21502, 22002, 2, 2, 27, 'CASCAPARA'),
(21503, 22003, 2, 2, 27, 'MANCOS'),
(21504, 22004, 2, 2, 27, 'MATACOTO'),
(21505, 22005, 2, 2, 27, 'QUILLO'),
(21506, 22006, 2, 2, 27, 'RANRAHIRCA'),
(21507, 22007, 2, 2, 27, 'SHUPLUY'),
(21508, 22008, 2, 2, 27, 'YANAMA'),
(21601, 20301, 2, 2, 10, 'LLAMELLIN'),
(21602, 20302, 2, 2, 10, 'ACZO'),
(21603, 20303, 2, 2, 10, 'CHACCHO'),
(21604, 20304, 2, 2, 10, 'CHINGAS'),
(21605, 20305, 2, 2, 10, 'MIRGAS'),
(21606, 20306, 2, 2, 10, 'SAN JUAN DE RONTOY'),
(21701, 20701, 2, 2, 14, 'SAN LUIS'),
(21702, 20703, 2, 2, 14, 'YAUYA'),
(21703, 20702, 2, 2, 14, 'SAN NICOLAS'),
(21801, 20401, 2, 2, 11, 'CHACAS'),
(21802, 20402, 2, 2, 11, 'ACOCHACA'),
(21901, 21101, 2, 2, 18, 'HUARMEY'),
(21902, 21102, 2, 2, 18, 'COCHAPETI'),
(21903, 21104, 2, 2, 18, 'HUAYAN'),
(21904, 21105, 2, 2, 18, 'MALVAS'),
(21905, 21103, 2, 2, 18, 'CULEBRAS'),
(22001, 21402, 2, 2, 21, 'ACAS'),
(22002, 21403, 2, 2, 21, 'CAJAMARQUILLA'),
(22003, 21404, 2, 2, 21, 'CARHUAPAMPA'),
(22004, 21405, 2, 2, 21, 'COCHAS'),
(22005, 21406, 2, 2, 21, 'CONGAS'),
(22006, 21407, 2, 2, 21, 'LLIPA'),
(22007, 21401, 2, 2, 21, 'OCROS'),
(22008, 21408, 2, 2, 21, 'SAN CRISTOBAL DE RAJAN'),
(22009, 21409, 2, 2, 21, 'SAN PEDRO'),
(22010, 21410, 2, 2, 21, 'SANTIAGO DE CHILCAS'),
(30101, 30101, 3, 3, 28, 'ABANCAY'),
(30102, 30103, 3, 3, 28, 'CIRCA'),
(30103, 30104, 3, 3, 28, 'CURAHUASI'),
(30104, 30102, 3, 3, 28, 'CHACOCHE'),
(30105, 30105, 3, 3, 28, 'HUANIPACA'),
(30106, 30106, 3, 3, 28, 'LAMBRAMA'),
(30107, 30107, 3, 3, 28, 'PICHIRHUA'),
(30108, 30108, 3, 3, 28, 'SAN PEDRO DE CACHORA'),
(30109, 30109, 3, 3, 28, 'TAMBURCO'),
(30201, 30401, 3, 3, 31, 'CHALHUANCA'),
(30202, 30402, 3, 3, 31, 'CAPAYA'),
(30203, 30403, 3, 3, 31, 'CARAYBAMBA'),
(30204, 30405, 3, 3, 31, 'COLCABAMBA'),
(30205, 30406, 3, 3, 31, 'COTARUSE'),
(30206, 30404, 3, 3, 31, 'CHAPIMARCA'),
(30207, 30407, 3, 3, 31, 'HUAYLLO'),
(30208, 30409, 3, 3, 31, 'LUCRE'),
(30209, 30410, 3, 3, 31, 'POCOHUANCA'),
(30210, 30412, 3, 3, 31, 'SAÑAYCA'),
(30211, 30413, 3, 3, 31, 'SORAYA'),
(30212, 30414, 3, 3, 31, 'TAPAIRIHUA'),
(30213, 30415, 3, 3, 31, 'TINTAY'),
(30214, 30416, 3, 3, 31, 'TORAYA'),
(30215, 30417, 3, 3, 31, 'YANACA'),
(30216, 30411, 3, 3, 31, 'SAN JUAN DE CHACÑA'),
(30217, 30408, 3, 3, 31, 'JUSTO APU SAHUARAURA'),
(30301, 30201, 3, 3, 29, 'ANDAHUAYLAS'),
(30302, 30202, 3, 3, 29, 'ANDARAPA'),
(30303, 30203, 3, 3, 29, 'CHIARA'),
(30304, 30204, 3, 3, 29, 'HUANCARAMA'),
(30305, 30205, 3, 3, 29, 'HUANCARAY'),
(30306, 30207, 3, 3, 29, 'KISHUARA'),
(30307, 30208, 3, 3, 29, 'PACOBAMBA'),
(30308, 30210, 3, 3, 29, 'PAMPACHIRI'),
(30309, 30212, 3, 3, 29, 'SAN ANTONIO DE CACHI'),
(30310, 30213, 3, 3, 29, 'SAN JERONIMO'),
(30311, 30216, 3, 3, 29, 'TALAVERA'),
(30312, 30218, 3, 3, 29, 'TURPO'),
(30313, 30209, 3, 3, 29, 'PACUCHA'),
(30314, 30211, 3, 3, 29, 'POMACOCHA'),
(30315, 30215, 3, 3, 29, 'SANTA MARIA DE CHICMO'),
(30316, 30217, 3, 3, 29, 'TUMAY HUARACA'),
(30317, 30206, 3, 3, 29, 'HUAYANA'),
(30318, 30214, 3, 3, 29, 'SAN MIGUEL DE CHACCRAMPA'),
(30319, 30219, 3, 3, 29, 'KAQUIABAMBA'),
(30320, 30220, 3, 3, 29, 'JOSE MARIA ARGUEDAS'),
(30401, 30301, 3, 3, 30, 'ANTABAMBA'),
(30402, 30302, 3, 3, 30, 'EL ORO'),
(30403, 30303, 3, 3, 30, 'HUAQUIRCA'),
(30404, 30304, 3, 3, 30, 'JUAN ESPINOZA MEDRANO'),
(30405, 30305, 3, 3, 30, 'OROPESA'),
(30406, 30306, 3, 3, 30, 'PACHACONAS'),
(30407, 30307, 3, 3, 30, 'SABAINO'),
(30501, 30501, 3, 3, 32, 'TAMBOBAMBA'),
(30502, 30503, 3, 3, 32, 'COYLLURQUI'),
(30503, 30502, 3, 3, 32, 'COTABAMBAS'),
(30504, 30504, 3, 3, 32, 'HAQUIRA'),
(30505, 30505, 3, 3, 32, 'MARA'),
(30506, 30506, 3, 3, 32, 'CHALLHUAHUACHO'),
(30601, 30701, 3, 3, 34, 'CHUQUIBAMBILLA'),
(30602, 30702, 3, 3, 34, 'CURPAHUASI'),
(30603, 30704, 3, 3, 34, 'HUAYLLATI'),
(30604, 30705, 3, 3, 34, 'MAMARA'),
(30605, 30703, 3, 3, 34, 'GAMARRA'),
(30606, 30706, 3, 3, 34, 'MICAELA BASTIDAS'),
(30607, 30708, 3, 3, 34, 'PROGRESO'),
(30608, 30707, 3, 3, 34, 'PATAYPAMPA'),
(30609, 30709, 3, 3, 34, 'SAN ANTONIO'),
(30610, 30711, 3, 3, 34, 'TURPAY'),
(30611, 30712, 3, 3, 34, 'VILCABAMBA'),
(30612, 30713, 3, 3, 34, 'VIRUNDO'),
(30613, 30710, 3, 3, 34, 'SANTA ROSA'),
(30614, 30714, 3, 3, 34, 'CURASCO'),
(30701, 30601, 3, 3, 33, 'CHINCHEROS'),
(30702, 30606, 3, 3, 33, 'ONGOY'),
(30703, 30605, 3, 3, 33, 'OCOBAMBA'),
(30704, 30603, 3, 3, 33, 'COCHARCAS'),
(30705, 30602, 3, 3, 33, 'ANCO-HUALLO'),
(30706, 30604, 3, 3, 33, 'HUACCANA'),
(30707, 30607, 3, 3, 33, 'URANMARCA'),
(30708, 30608, 3, 3, 33, 'RANRACANCHA'),
(30709, 30609, 3, 3, 33, 'ROCCHACC'),
(30710, 30610, 3, 3, 33, 'EL PORVENIR'),
(30711, 30611, 3, 3, 33, 'LOS CHANKAS'),
(30712, 30612, 3, 3, 33, 'AHUAYRO'),
(40101, 40101, 4, 4, 35, 'AREQUIPA'),
(40102, 40103, 4, 4, 35, 'CAYMA'),
(40103, 40104, 4, 4, 35, 'CERRO COLORADO'),
(40104, 40105, 4, 4, 35, 'CHARACATO'),
(40105, 40106, 4, 4, 35, 'CHIGUATA'),
(40106, 40108, 4, 4, 35, 'LA JOYA'),
(40107, 40110, 4, 4, 35, 'MIRAFLORES'),
(40108, 40111, 4, 4, 35, 'MOLLEBAYA'),
(40109, 40112, 4, 4, 35, 'PAUCARPATA'),
(40110, 40113, 4, 4, 35, 'POCSI'),
(40111, 40114, 4, 4, 35, 'POLOBAYA'),
(40112, 40115, 4, 4, 35, 'QUEQUEÑA'),
(40113, 40116, 4, 4, 35, 'SABANDIA'),
(40114, 40117, 4, 4, 35, 'SACHACA'),
(40115, 40118, 4, 4, 35, 'SAN JUAN DE SIGUAS'),
(40116, 40119, 4, 4, 35, 'SAN JUAN DE TARUCANI'),
(40117, 40120, 4, 4, 35, 'SANTA ISABEL DE SIGUAS'),
(40118, 40121, 4, 4, 35, 'SANTA RITA DE SIGUAS'),
(40119, 40122, 4, 4, 35, 'SOCABAYA'),
(40120, 40123, 4, 4, 35, 'TIABAYA'),
(40121, 40124, 4, 4, 35, 'UCHUMAYO'),
(40122, 40125, 4, 4, 35, 'VITOR'),
(40123, 40126, 4, 4, 35, 'YANAHUARA'),
(40124, 40127, 4, 4, 35, 'YARABAMBA'),
(40125, 40128, 4, 4, 35, 'YURA'),
(40126, 40109, 4, 4, 35, 'MARIANO MELGAR'),
(40127, 40107, 4, 4, 35, 'JACOBO HUNTER'),
(40128, 40102, 4, 4, 35, 'ALTO SELVA ALEGRE'),
(40129, 40129, 4, 4, 35, 'JOSE LUIS BUSTAMANTE Y RIVERO'),
(40201, 40501, 4, 4, 39, 'CHIVAY'),
(40202, 40502, 4, 4, 39, 'ACHOMA'),
(40203, 40503, 4, 4, 39, 'CABANACONDE'),
(40204, 40505, 4, 4, 39, 'CAYLLOMA'),
(40205, 40504, 4, 4, 39, 'CALLALLI'),
(40206, 40506, 4, 4, 39, 'COPORAQUE'),
(40207, 40507, 4, 4, 39, 'HUAMBO'),
(40208, 40508, 4, 4, 39, 'HUANCA'),
(40209, 40509, 4, 4, 39, 'ICHUPAMPA'),
(40210, 40510, 4, 4, 39, 'LARI'),
(40211, 40511, 4, 4, 39, 'LLUTA'),
(40212, 40512, 4, 4, 39, 'MACA'),
(40213, 40513, 4, 4, 39, 'MADRIGAL'),
(40214, 40514, 4, 4, 39, 'SAN ANTONIO DE CHUCA'),
(40215, 40515, 4, 4, 39, 'SIBAYO'),
(40216, 40516, 4, 4, 39, 'TAPAY'),
(40217, 40517, 4, 4, 39, 'TISCO'),
(40218, 40518, 4, 4, 39, 'TUTI'),
(40219, 40519, 4, 4, 39, 'YANQUE'),
(40220, 40520, 4, 4, 39, 'MAJES'),
(40301, 40201, 4, 4, 36, 'CAMANA'),
(40302, 40202, 4, 4, 36, 'JOSE MARIA QUIMPER'),
(40303, 40203, 4, 4, 36, 'MARIANO NICOLAS VALCARCEL'),
(40304, 40204, 4, 4, 36, 'MARISCAL CACERES'),
(40305, 40205, 4, 4, 36, 'NICOLAS DE PIEROLA'),
(40306, 40206, 4, 4, 36, 'OCOÑA'),
(40307, 40207, 4, 4, 36, 'QUILCA'),
(40308, 40208, 4, 4, 36, 'SAMUEL PASTOR'),
(40401, 40301, 4, 4, 37, 'CARAVELI'),
(40402, 40302, 4, 4, 37, 'ACARI'),
(40403, 40303, 4, 4, 37, 'ATICO'),
(40404, 40304, 4, 4, 37, 'ATIQUIPA'),
(40405, 40305, 4, 4, 37, 'BELLA UNION'),
(40406, 40306, 4, 4, 37, 'CAHUACHO'),
(40407, 40307, 4, 4, 37, 'CHALA'),
(40408, 40308, 4, 4, 37, 'CHAPARRA'),
(40409, 40309, 4, 4, 37, 'HUANUHUANU'),
(40410, 40310, 4, 4, 37, 'JAQUI'),
(40411, 40311, 4, 4, 37, 'LOMAS'),
(40412, 40312, 4, 4, 37, 'QUICACHA'),
(40413, 40313, 4, 4, 37, 'YAUCA'),
(40501, 40401, 4, 4, 38, 'APLAO'),
(40502, 40402, 4, 4, 38, 'ANDAGUA'),
(40503, 40403, 4, 4, 38, 'AYO'),
(40504, 40404, 4, 4, 38, 'CHACHAS'),
(40505, 40405, 4, 4, 38, 'CHILCAYMARCA'),
(40506, 40406, 4, 4, 38, 'CHOCO'),
(40507, 40407, 4, 4, 38, 'HUANCARQUI'),
(40508, 40408, 4, 4, 38, 'MACHAGUAY'),
(40509, 40409, 4, 4, 38, 'ORCOPAMPA'),
(40510, 40410, 4, 4, 38, 'PAMPACOLCA'),
(40511, 40411, 4, 4, 38, 'TIPAN'),
(40512, 40413, 4, 4, 38, 'URACA'),
(40513, 40412, 4, 4, 38, 'UÑON'),
(40514, 40414, 4, 4, 38, 'VIRACO'),
(40601, 40601, 4, 4, 40, 'CHUQUIBAMBA'),
(40602, 40602, 4, 4, 40, 'ANDARAY'),
(40603, 40603, 4, 4, 40, 'CAYARANI'),
(40604, 40604, 4, 4, 40, 'CHICHAS'),
(40605, 40605, 4, 4, 40, 'IRAY'),
(40606, 40607, 4, 4, 40, 'SALAMANCA'),
(40607, 40608, 4, 4, 40, 'YANAQUIHUA'),
(40608, 40606, 4, 4, 40, 'RIO GRANDE'),
(40701, 40701, 4, 4, 41, 'MOLLENDO'),
(40702, 40702, 4, 4, 41, 'COCACHACRA'),
(40703, 40703, 4, 4, 41, 'DEAN VALDIVIA'),
(40704, 40704, 4, 4, 41, 'ISLAY'),
(40705, 40705, 4, 4, 41, 'MEJIA'),
(40706, 40706, 4, 4, 41, 'PUNTA DE BOMBON'),
(40801, 40801, 4, 4, 42, 'COTAHUASI'),
(40802, 40802, 4, 4, 42, 'ALCA'),
(40803, 40803, 4, 4, 42, 'CHARCANA'),
(40804, 40804, 4, 4, 42, 'HUAYNACOTAS'),
(40805, 40805, 4, 4, 42, 'PAMPAMARCA'),
(40806, 40806, 4, 4, 42, 'PUYCA'),
(40807, 40807, 4, 4, 42, 'QUECHUALLA'),
(40808, 40808, 4, 4, 42, 'SAYLA'),
(40809, 40809, 4, 4, 42, 'TAURIA'),
(40810, 40810, 4, 4, 42, 'TOMEPAMPA'),
(40811, 40811, 4, 4, 42, 'TORO'),
(50101, 50101, 5, 5, 43, 'AYACUCHO'),
(50102, 50103, 5, 5, 43, 'ACOS VINCHOS'),
(50103, 50104, 5, 5, 43, 'CARMEN ALTO'),
(50104, 50105, 5, 5, 43, 'CHIARA'),
(50105, 50108, 5, 5, 43, 'QUINUA'),
(50106, 50109, 5, 5, 43, 'SAN JOSE DE TICLLAS'),
(50107, 50110, 5, 5, 43, 'SAN JUAN BAUTISTA'),
(50108, 50111, 5, 5, 43, 'SANTIAGO DE PISCHA'),
(50109, 50114, 5, 5, 43, 'VINCHOS'),
(50110, 50113, 5, 5, 43, 'TAMBILLO'),
(50111, 50102, 5, 5, 43, 'ACOCRO'),
(50112, 50112, 5, 5, 43, 'SOCOS'),
(50113, 50106, 5, 5, 43, 'OCROS'),
(50114, 50107, 5, 5, 43, 'PACAYCASA'),
(50115, 50115, 5, 5, 43, 'JESUS NAZARENO'),
(50116, 50116, 5, 5, 43, 'ANDRES AVELINO CACERES DORREGARAY'),
(50201, 50201, 5, 5, 44, 'CANGALLO'),
(50204, 50202, 5, 5, 44, 'CHUSCHI'),
(50206, 50203, 5, 5, 44, 'LOS MOROCHUCOS'),
(50207, 50205, 5, 5, 44, 'PARAS'),
(50208, 50206, 5, 5, 44, 'TOTOS'),
(50211, 50204, 5, 5, 44, 'MARIA PARADO DE BELLIDO'),
(50301, 50401, 5, 5, 46, 'HUANTA'),
(50302, 50402, 5, 5, 46, 'AYAHUANCO'),
(50303, 50403, 5, 5, 46, 'HUAMANGUILLA'),
(50304, 50404, 5, 5, 46, 'IGUAIN'),
(50305, 50405, 5, 5, 46, 'LURICOCHA'),
(50307, 50406, 5, 5, 46, 'SANTILLANA'),
(50308, 50407, 5, 5, 46, 'SIVIA'),
(50309, 50408, 5, 5, 46, 'LLOCHEGUA'),
(50310, 50409, 5, 5, 46, 'CANAYRE'),
(50311, 50410, 5, 5, 46, 'UCHURACCAY'),
(50312, 50411, 5, 5, 46, 'PUCACOLPA'),
(50313, 50412, 5, 5, 46, 'CHACA'),
(50314, 50413, 5, 5, 46, 'PUTIS'),
(50401, 50501, 5, 5, 47, 'SAN MIGUEL'),
(50402, 50502, 5, 5, 47, 'ANCO'),
(50403, 50503, 5, 5, 47, 'AYNA'),
(50404, 50504, 5, 5, 47, 'CHILCAS'),
(50405, 50505, 5, 5, 47, 'CHUNGUI'),
(50406, 50508, 5, 5, 47, 'TAMBO'),
(50407, 50506, 5, 5, 47, 'LUIS CARRANZA'),
(50408, 50507, 5, 5, 47, 'SANTA ROSA'),
(50409, 50509, 5, 5, 47, 'SAMUGARI'),
(50410, 50510, 5, 5, 47, 'ANCHIHUAY'),
(50411, 50511, 5, 5, 47, 'ORONCCOY'),
(50412, 50512, 5, 5, 47, 'UNION PROGRESO'),
(50413, 50515, 5, 5, 47, 'PATIBAMBA'),
(50414, 50514, 5, 5, 47, 'NINABAMBA'),
(50415, 50513, 5, 5, 47, 'RIO MAGDALENA'),
(50501, 50601, 5, 5, 48, 'PUQUIO'),
(50502, 50602, 5, 5, 48, 'AUCARA'),
(50503, 50603, 5, 5, 48, 'CABANA'),
(50504, 50604, 5, 5, 48, 'CARMEN SALCEDO'),
(50506, 50605, 5, 5, 48, 'CHAVIÑA'),
(50508, 50606, 5, 5, 48, 'CHIPAO'),
(50510, 50607, 5, 5, 48, 'HUAC-HUAS'),
(50511, 50608, 5, 5, 48, 'LARAMATE'),
(50512, 50609, 5, 5, 48, 'LEONCIO PRADO'),
(50513, 50611, 5, 5, 48, 'LUCANAS'),
(50514, 50610, 5, 5, 48, 'LLAUTA'),
(50516, 50612, 5, 5, 48, 'OCAÑA'),
(50517, 50613, 5, 5, 48, 'OTOCA'),
(50520, 50619, 5, 5, 48, 'SANCOS'),
(50521, 50616, 5, 5, 48, 'SAN JUAN'),
(50522, 50617, 5, 5, 48, 'SAN PEDRO'),
(50524, 50620, 5, 5, 48, 'SANTA ANA DE HUAYCAHUACHO'),
(50525, 50621, 5, 5, 48, 'SANTA LUCIA'),
(50529, 50614, 5, 5, 48, 'SAISA'),
(50531, 50618, 5, 5, 48, 'SAN PEDRO DE PALCO'),
(50532, 50615, 5, 5, 48, 'SAN CRISTOBAL'),
(50601, 50701, 5, 5, 49, 'CORACORA'),
(50604, 50703, 5, 5, 49, 'CORONEL CASTAÑEDA'),
(50605, 50702, 5, 5, 49, 'CHUMPI'),
(50608, 50704, 5, 5, 49, 'PACAPAUSA'),
(50611, 50705, 5, 5, 49, 'PULLO'),
(50612, 50706, 5, 5, 49, 'PUYUSCA'),
(50615, 50707, 5, 5, 49, 'SAN FRANCISCO DE RAVACAYCO'),
(50616, 50708, 5, 5, 49, 'UPAHUACHO'),
(50701, 51001, 5, 5, 52, 'HUANCAPI'),
(50702, 51002, 5, 5, 52, 'ALCAMENCA'),
(50703, 51003, 5, 5, 52, 'APONGO'),
(50704, 51005, 5, 5, 52, 'CANARIA'),
(50706, 51006, 5, 5, 52, 'CAYARA'),
(50707, 51007, 5, 5, 52, 'COLCA'),
(50708, 51010, 5, 5, 52, 'HUAYA'),
(50709, 51008, 5, 5, 52, 'HUAMANQUIQUIA'),
(50710, 51009, 5, 5, 52, 'HUANCARAYLLA'),
(50713, 51011, 5, 5, 52, 'SARHUA'),
(50714, 51012, 5, 5, 52, 'VILCANCHOS'),
(50715, 51004, 5, 5, 52, 'ASQUIPATA'),
(50801, 50301, 5, 5, 45, 'SANCOS'),
(50802, 50303, 5, 5, 45, 'SACSAMARCA'),
(50803, 50304, 5, 5, 45, 'SANTIAGO DE LUCANAMARCA'),
(50804, 50302, 5, 5, 45, 'CARAPO'),
(50901, 51101, 5, 5, 53, 'VILCAS HUAMAN'),
(50902, 51108, 5, 5, 53, 'VISCHONGO'),
(50903, 51102, 5, 5, 53, 'ACCOMARCA'),
(50904, 51103, 5, 5, 53, 'CARHUANCA'),
(50905, 51104, 5, 5, 53, 'CONCEPCION'),
(50906, 51105, 5, 5, 53, 'HUAMBALPA'),
(50907, 51107, 5, 5, 53, 'SAURAMA'),
(50908, 51106, 5, 5, 53, 'INDEPENDENCIA'),
(51001, 50801, 5, 5, 50, 'PAUSA'),
(51002, 50802, 5, 5, 50, 'COLTA'),
(51003, 50803, 5, 5, 50, 'CORCULLA'),
(51004, 50804, 5, 5, 50, 'LAMPA'),
(51005, 50805, 5, 5, 50, 'MARCABAMBA'),
(51006, 50806, 5, 5, 50, 'OYOLO'),
(51007, 50807, 5, 5, 50, 'PARARCA'),
(51008, 50808, 5, 5, 50, 'SAN JAVIER DE ALPABAMBA'),
(51009, 50809, 5, 5, 50, 'SAN JOSE DE USHUA'),
(51010, 50810, 5, 5, 50, 'SARA SARA'),
(51101, 50901, 5, 5, 51, 'QUEROBAMBA'),
(51102, 50902, 5, 5, 51, 'BELEN'),
(51103, 50903, 5, 5, 51, 'CHALCOS'),
(51104, 50909, 5, 5, 51, 'SAN SALVADOR DE QUIJE'),
(51105, 50907, 5, 5, 51, 'PAICO'),
(51106, 50910, 5, 5, 51, 'SANTIAGO DE PAUCARAY'),
(51107, 50908, 5, 5, 51, 'SAN PEDRO DE LARCAY'),
(51108, 50911, 5, 5, 51, 'SORAS'),
(51109, 50905, 5, 5, 51, 'HUACAÑA'),
(51110, 50904, 5, 5, 51, 'CHILCAYOC'),
(51111, 50906, 5, 5, 51, 'MORCOLLA'),
(60101, 60101, 6, 6, 54, 'CAJAMARCA'),
(60102, 60102, 6, 6, 54, 'ASUNCION'),
(60103, 60104, 6, 6, 54, 'COSPAN'),
(60104, 60103, 6, 6, 54, 'CHETILLA'),
(60105, 60105, 6, 6, 54, 'ENCAÑADA'),
(60106, 60106, 6, 6, 54, 'JESUS'),
(60107, 60108, 6, 6, 54, 'LOS BAÑOS DEL INCA'),
(60108, 60107, 6, 6, 54, 'LLACANORA'),
(60109, 60109, 6, 6, 54, 'MAGDALENA'),
(60110, 60110, 6, 6, 54, 'MATARA'),
(60111, 60111, 6, 6, 54, 'NAMORA'),
(60112, 60112, 6, 6, 54, 'SAN JUAN'),
(60201, 60201, 6, 6, 55, 'CAJABAMBA'),
(60202, 60202, 6, 6, 55, 'CACHACHI'),
(60203, 60203, 6, 6, 55, 'CONDEBAMBA'),
(60205, 60204, 6, 6, 55, 'SITACOCHA'),
(60301, 60301, 6, 6, 56, 'CELENDIN'),
(60302, 60303, 6, 6, 56, 'CORTEGANA'),
(60303, 60302, 6, 6, 56, 'CHUMUCH'),
(60304, 60304, 6, 6, 56, 'HUASMIN'),
(60305, 60305, 6, 6, 56, 'JORGE CHAVEZ'),
(60306, 60306, 6, 6, 56, 'JOSE GALVEZ'),
(60307, 60307, 6, 6, 56, 'MIGUEL IGLESIAS'),
(60308, 60308, 6, 6, 56, 'OXAMARCA'),
(60309, 60309, 6, 6, 56, 'SOROCHUCO'),
(60310, 60310, 6, 6, 56, 'SUCRE'),
(60311, 60311, 6, 6, 56, 'UTCO'),
(60312, 60312, 6, 6, 56, 'LA LIBERTAD DE PALLAN'),
(60401, 60501, 6, 6, 58, 'CONTUMAZA'),
(60403, 60502, 6, 6, 58, 'CHILETE'),
(60404, 60504, 6, 6, 58, 'GUZMANGO'),
(60405, 60505, 6, 6, 58, 'SAN BENITO'),
(60406, 60503, 6, 6, 58, 'CUPISNIQUE'),
(60407, 60507, 6, 6, 58, 'TANTARICA'),
(60408, 60508, 6, 6, 58, 'YONAN'),
(60409, 60506, 6, 6, 58, 'SANTA CRUZ DE TOLEDO'),
(60501, 60601, 6, 6, 59, 'CUTERVO'),
(60502, 60602, 6, 6, 59, 'CALLAYUC'),
(60503, 60604, 6, 6, 59, 'CUJILLO'),
(60504, 60603, 6, 6, 59, 'CHOROS'),
(60505, 60605, 6, 6, 59, 'LA RAMADA'),
(60506, 60606, 6, 6, 59, 'PIMPINGOS'),
(60507, 60607, 6, 6, 59, 'QUEROCOTILLO'),
(60508, 60608, 6, 6, 59, 'SAN ANDRES DE CUTERVO'),
(60509, 60609, 6, 6, 59, 'SAN JUAN DE CUTERVO'),
(60510, 60610, 6, 6, 59, 'SAN LUIS DE LUCMA'),
(60511, 60611, 6, 6, 59, 'SANTA CRUZ'),
(60512, 60612, 6, 6, 59, 'SANTO DOMINGO DE LA CAPILLA'),
(60513, 60613, 6, 6, 59, 'SANTO TOMAS'),
(60514, 60614, 6, 6, 59, 'SOCOTA'),
(60515, 60615, 6, 6, 59, 'TORIBIO CASANOVA'),
(60601, 60401, 6, 6, 57, 'CHOTA'),
(60602, 60402, 6, 6, 57, 'ANGUIA'),
(60603, 60407, 6, 6, 57, 'COCHABAMBA'),
(60604, 60408, 6, 6, 57, 'CONCHAN'),
(60605, 60403, 6, 6, 57, 'CHADIN'),
(60606, 60404, 6, 6, 57, 'CHIGUIRIP'),
(60607, 60405, 6, 6, 57, 'CHIMBAN'),
(60608, 60409, 6, 6, 57, 'HUAMBOS'),
(60609, 60410, 6, 6, 57, 'LAJAS'),
(60610, 60411, 6, 6, 57, 'LLAMA'),
(60611, 60412, 6, 6, 57, 'MIRACOSTA'),
(60612, 60413, 6, 6, 57, 'PACCHA'),
(60613, 60414, 6, 6, 57, 'PION'),
(60614, 60415, 6, 6, 57, 'QUEROCOTO'),
(60615, 60417, 6, 6, 57, 'TACABAMBA'),
(60616, 60418, 6, 6, 57, 'TOCMOCHE'),
(60617, 60416, 6, 6, 57, 'SAN JUAN DE LICUPIS'),
(60618, 60406, 6, 6, 57, 'CHOROPAMPA'),
(60619, 60419, 6, 6, 57, 'CHALAMARCA'),
(60701, 60701, 6, 6, 60, 'BAMBAMARCA'),
(60702, 60702, 6, 6, 60, 'CHUGUR'),
(60703, 60703, 6, 6, 60, 'HUALGAYOC'),
(60801, 60801, 6, 6, 61, 'JAEN'),
(60802, 60802, 6, 6, 61, 'BELLAVISTA'),
(60803, 60804, 6, 6, 61, 'COLASAY'),
(60804, 60803, 6, 6, 61, 'CHONTALI'),
(60805, 60807, 6, 6, 61, 'POMAHUACA'),
(60806, 60808, 6, 6, 61, 'PUCARA'),
(60807, 60809, 6, 6, 61, 'SALLIQUE'),
(60808, 60810, 6, 6, 61, 'SAN FELIPE'),
(60809, 60811, 6, 6, 61, 'SAN JOSE DEL ALTO'),
(60810, 60812, 6, 6, 61, 'SANTA ROSA'),
(60811, 60806, 6, 6, 61, 'LAS PIRIAS'),
(60812, 60805, 6, 6, 61, 'HUABAL'),
(60901, 61301, 6, 6, 66, 'SANTA CRUZ'),
(60902, 61303, 6, 6, 66, 'CATACHE'),
(60903, 61304, 6, 6, 66, 'CHANCAYBAÑOS'),
(60904, 61305, 6, 6, 66, 'LA ESPERANZA'),
(60905, 61306, 6, 6, 66, 'NINABAMBA'),
(60906, 61307, 6, 6, 66, 'PULAN'),
(60907, 61309, 6, 6, 66, 'SEXI'),
(60908, 61310, 6, 6, 66, 'UTICYACU'),
(60909, 61311, 6, 6, 66, 'YAUYUCAN'),
(60910, 61302, 6, 6, 66, 'ANDABAMBA'),
(60911, 61308, 6, 6, 66, 'SAUCEPAMPA'),
(61001, 61101, 6, 6, 64, 'SAN MIGUEL'),
(61002, 61103, 6, 6, 64, 'CALQUIS'),
(61003, 61106, 6, 6, 64, 'LA FLORIDA'),
(61004, 61107, 6, 6, 64, 'LLAPA'),
(61005, 61108, 6, 6, 64, 'NANCHOC'),
(61006, 61109, 6, 6, 64, 'NIEPOS'),
(61007, 61110, 6, 6, 64, 'SAN GREGORIO'),
(61008, 61111, 6, 6, 64, 'SAN SILVESTRE DE COCHAN'),
(61009, 61105, 6, 6, 64, 'EL PRADO'),
(61010, 61113, 6, 6, 64, 'UNION AGUA BLANCA'),
(61011, 61112, 6, 6, 64, 'TONGOD'),
(61012, 61104, 6, 6, 64, 'CATILLUC'),
(61013, 61102, 6, 6, 64, 'BOLIVAR'),
(61101, 60901, 6, 6, 62, 'SAN IGNACIO'),
(61102, 60902, 6, 6, 62, 'CHIRINOS'),
(61103, 60903, 6, 6, 62, 'HUARANGO'),
(61104, 60905, 6, 6, 62, 'NAMBALLE'),
(61105, 60904, 6, 6, 62, 'LA COIPA'),
(61106, 60906, 6, 6, 62, 'SAN JOSE DE LOURDES'),
(61107, 60907, 6, 6, 62, 'TABACONAS'),
(61201, 61001, 6, 6, 63, 'PEDRO GALVEZ'),
(61202, 61005, 6, 6, 63, 'ICHOCAN'),
(61203, 61004, 6, 6, 63, 'GREGORIO PITA'),
(61204, 61006, 6, 6, 63, 'JOSE MANUEL QUIROZ'),
(61205, 61003, 6, 6, 63, 'EDUARDO VILLANUEVA'),
(61206, 61007, 6, 6, 63, 'JOSE SABOGAL'),
(61207, 61002, 6, 6, 63, 'CHANCAY'),
(61301, 61201, 6, 6, 65, 'SAN PABLO'),
(61302, 61202, 6, 6, 65, 'SAN BERNARDINO'),
(61303, 61203, 6, 6, 65, 'SAN LUIS'),
(61304, 61204, 6, 6, 65, 'TUMBADEN'),
(70101, 80101, 8, 8, 68, 'CUSCO'),
(70102, 80102, 8, 8, 68, 'CCORCA'),
(70103, 80103, 8, 8, 68, 'POROY'),
(70104, 80104, 8, 8, 68, 'SAN JERONIMO'),
(70105, 80105, 8, 8, 68, 'SAN SEBASTIAN'),
(70106, 80106, 8, 8, 68, 'SANTIAGO'),
(70107, 80107, 8, 8, 68, 'SAYLLA'),
(70108, 80108, 8, 8, 68, 'WANCHAQ'),
(70201, 80201, 8, 8, 69, 'ACOMAYO'),
(70202, 80202, 8, 8, 69, 'ACOPIA'),
(70203, 80203, 8, 8, 69, 'ACOS'),
(70204, 80205, 8, 8, 69, 'POMACANCHI'),
(70205, 80206, 8, 8, 69, 'RONDOCAN'),
(70206, 80207, 8, 8, 69, 'SANGARARA'),
(70207, 80204, 8, 8, 69, 'MOSOC LLACTA'),
(70301, 80301, 8, 8, 70, 'ANTA'),
(70302, 80304, 8, 8, 70, 'CHINCHAYPUJIO'),
(70303, 80305, 8, 8, 70, 'HUAROCONDO'),
(70304, 80306, 8, 8, 70, 'LIMATAMBO'),
(70305, 80307, 8, 8, 70, 'MOLLEPATA'),
(70306, 80308, 8, 8, 70, 'PUCYURA'),
(70307, 80309, 8, 8, 70, 'ZURITE'),
(70308, 80303, 8, 8, 70, 'CACHIMAYO'),
(70309, 80302, 8, 8, 70, 'ANCAHUASI'),
(70401, 80401, 8, 8, 71, 'CALCA'),
(70402, 80402, 8, 8, 71, 'COYA'),
(70403, 80403, 8, 8, 71, 'LAMAY'),
(70404, 80404, 8, 8, 71, 'LARES'),
(70405, 80405, 8, 8, 71, 'PISAC'),
(70406, 80406, 8, 8, 71, 'SAN SALVADOR'),
(70407, 80407, 8, 8, 71, 'TARAY'),
(70408, 80408, 8, 8, 71, 'YANATILE'),
(70501, 80501, 8, 8, 72, 'YANAOCA'),
(70502, 80502, 8, 8, 72, 'CHECCA'),
(70503, 80503, 8, 8, 72, 'KUNTURKANKI'),
(70504, 80504, 8, 8, 72, 'LANGUI'),
(70505, 80505, 8, 8, 72, 'LAYO'),
(70506, 80506, 8, 8, 72, 'PAMPAMARCA'),
(70507, 80507, 8, 8, 72, 'QUEHUE'),
(70508, 80508, 8, 8, 72, 'TUPAC AMARU'),
(70601, 80601, 8, 8, 73, 'SICUANI'),
(70602, 80603, 8, 8, 73, 'COMBAPATA'),
(70603, 80602, 8, 8, 73, 'CHECACUPE'),
(70604, 80604, 8, 8, 73, 'MARANGANI'),
(70605, 80605, 8, 8, 73, 'PITUMARCA'),
(70606, 80606, 8, 8, 73, 'SAN PABLO'),
(70607, 80607, 8, 8, 73, 'SAN PEDRO'),
(70608, 80608, 8, 8, 73, 'TINTA'),
(70701, 80701, 8, 8, 74, 'SANTO TOMAS'),
(70702, 80702, 8, 8, 74, 'CAPACMARCA'),
(70703, 80704, 8, 8, 74, 'COLQUEMARCA'),
(70704, 80703, 8, 8, 74, 'CHAMACA'),
(70705, 80705, 8, 8, 74, 'LIVITACA'),
(70706, 80706, 8, 8, 74, 'LLUSCO'),
(70707, 80707, 8, 8, 74, 'QUIÑOTA'),
(70708, 80708, 8, 8, 74, 'VELILLE'),
(70801, 80801, 8, 8, 75, 'ESPINAR'),
(70802, 80802, 8, 8, 75, 'CONDOROMA'),
(70803, 80803, 8, 8, 75, 'COPORAQUE'),
(70804, 80804, 8, 8, 75, 'OCORURO'),
(70805, 80805, 8, 8, 75, 'PALLPATA'),
(70806, 80806, 8, 8, 75, 'PICHIGUA'),
(70807, 80807, 8, 8, 75, 'SUYCKUTAMBO'),
(70808, 80808, 8, 8, 75, 'ALTO PICHIGUA'),
(70901, 80901, 8, 8, 76, 'SANTA ANA'),
(70902, 80902, 8, 8, 76, 'ECHARATE'),
(70903, 80903, 8, 8, 76, 'HUAYOPATA'),
(70904, 80904, 8, 8, 76, 'MARANURA'),
(70905, 80905, 8, 8, 76, 'OCOBAMBA'),
(70906, 80908, 8, 8, 76, 'SANTA TERESA'),
(70907, 80909, 8, 8, 76, 'VILCABAMBA'),
(70908, 80906, 8, 8, 76, 'QUELLOUNO'),
(70909, 80907, 8, 8, 76, 'QUIMBIRI'),
(70910, 80910, 8, 8, 76, 'PICHARI'),
(70911, 80911, 8, 8, 76, 'INKAWASI'),
(70912, 80912, 8, 8, 76, 'VILLA VIRGEN'),
(70913, 80913, 8, 8, 76, 'VILLA KINTIARINA'),
(70915, 80914, 8, 8, 76, 'MEGANTONI'),
(70916, 80915, 8, 8, 76, 'KUMPIRUSHIATO'),
(70917, 80916, 8, 8, 76, 'CIELO PUNCO'),
(70918, 80917, 8, 8, 76, 'MANITEA'),
(70919, 80918, 8, 8, 76, 'UNION ASHÁNINKA'),
(71001, 81001, 8, 8, 77, 'PARURO'),
(71002, 81002, 8, 8, 77, 'ACCHA'),
(71003, 81003, 8, 8, 77, 'CCAPI'),
(71004, 81004, 8, 8, 77, 'COLCHA'),
(71005, 81005, 8, 8, 77, 'HUANOQUITE'),
(71006, 81006, 8, 8, 77, 'OMACHA'),
(71007, 81009, 8, 8, 77, 'YAURISQUE'),
(71008, 81007, 8, 8, 77, 'PACCARITAMBO'),
(71009, 81008, 8, 8, 77, 'PILLPINTO'),
(71101, 81101, 8, 8, 78, 'PAUCARTAMBO'),
(71102, 81102, 8, 8, 78, 'CAICAY'),
(71103, 81104, 8, 8, 78, 'COLQUEPATA'),
(71104, 81103, 8, 8, 78, 'CHALLABAMBA'),
(71105, 81106, 8, 8, 78, 'KOSÑIPATA'),
(71106, 81105, 8, 8, 78, 'HUANCARANI'),
(71201, 81201, 8, 8, 79, 'URCOS'),
(71202, 81202, 8, 8, 79, 'ANDAHUAYLILLAS'),
(71203, 81203, 8, 8, 79, 'CAMANTI'),
(71204, 81204, 8, 8, 79, 'CCARHUAYO'),
(71205, 81205, 8, 8, 79, 'CCATCA'),
(71206, 81206, 8, 8, 79, 'CUSIPATA'),
(71207, 81207, 8, 8, 79, 'HUARO'),
(71208, 81208, 8, 8, 79, 'LUCRE'),
(71209, 81209, 8, 8, 79, 'MARCAPATA'),
(71210, 81210, 8, 8, 79, 'OCONGATE'),
(71211, 81211, 8, 8, 79, 'OROPESA'),
(71212, 81212, 8, 8, 79, 'QUIQUIJANA'),
(71301, 81301, 8, 8, 80, 'URUBAMBA'),
(71302, 81302, 8, 8, 80, 'CHINCHERO'),
(71303, 81303, 8, 8, 80, 'HUAYLLABAMBA'),
(71304, 81304, 8, 8, 80, 'MACHUPICCHU'),
(71305, 81305, 8, 8, 80, 'MARAS'),
(71306, 81306, 8, 8, 80, 'OLLANTAYTAMBO'),
(71307, 81307, 8, 8, 80, 'YUCAY'),
(80101, 90101, 9, 9, 81, 'HUANCAVELICA'),
(80102, 90102, 9, 9, 81, 'ACOBAMBILLA'),
(80103, 90103, 9, 9, 81, 'ACORIA'),
(80104, 90104, 9, 9, 81, 'CONAYCA'),
(80105, 90105, 9, 9, 81, 'CUENCA'),
(80106, 90106, 9, 9, 81, 'HUACHOCOLPA'),
(80108, 90107, 9, 9, 81, 'HUAYLLAHUARA'),
(80109, 90108, 9, 9, 81, 'IZCUCHACA'),
(80110, 90109, 9, 9, 81, 'LARIA'),
(80111, 90110, 9, 9, 81, 'MANTA'),
(80112, 90111, 9, 9, 81, 'MARISCAL CACERES'),
(80113, 90112, 9, 9, 81, 'MOYA'),
(80114, 90113, 9, 9, 81, 'NUEVO OCCORO'),
(80115, 90114, 9, 9, 81, 'PALCA'),
(80116, 90115, 9, 9, 81, 'PILCHACA'),
(80117, 90116, 9, 9, 81, 'VILCA'),
(80118, 90117, 9, 9, 81, 'YAULI'),
(80119, 90118, 9, 9, 81, 'ASCENSION'),
(80120, 90119, 9, 9, 81, 'HUANDO'),
(80201, 90201, 9, 9, 82, 'ACOBAMBA'),
(80202, 90203, 9, 9, 82, 'ANTA'),
(80203, 90202, 9, 9, 82, 'ANDABAMBA'),
(80204, 90204, 9, 9, 82, 'CAJA'),
(80205, 90205, 9, 9, 82, 'MARCAS'),
(80206, 90206, 9, 9, 82, 'PAUCARA'),
(80207, 90207, 9, 9, 82, 'POMACOCHA'),
(80208, 90208, 9, 9, 82, 'ROSARIO'),
(80301, 90301, 9, 9, 83, 'LIRCAY'),
(80302, 90302, 9, 9, 83, 'ANCHONGA'),
(80303, 90303, 9, 9, 83, 'CALLANMARCA'),
(80304, 90306, 9, 9, 83, 'CONGALLA'),
(80305, 90305, 9, 9, 83, 'CHINCHO'),
(80306, 90308, 9, 9, 83, 'HUAYLLAY GRANDE'),
(80307, 90307, 9, 9, 83, 'HUANCA-HUANCA'),
(80308, 90309, 9, 9, 83, 'JULCAMARCA'),
(80309, 90310, 9, 9, 83, 'SAN ANTONIO DE ANTAPARCO'),
(80310, 90311, 9, 9, 83, 'SANTO TOMAS DE PATA'),
(80311, 90312, 9, 9, 83, 'SECCLLA'),
(80312, 90304, 9, 9, 83, 'CCOCHACCASA'),
(80401, 90401, 9, 9, 84, 'CASTROVIRREYNA'),
(80402, 90402, 9, 9, 84, 'ARMA'),
(80403, 90403, 9, 9, 84, 'AURAHUA'),
(80405, 90404, 9, 9, 84, 'CAPILLAS'),
(80406, 90406, 9, 9, 84, 'COCAS'),
(80408, 90405, 9, 9, 84, 'CHUPAMARCA'),
(80409, 90407, 9, 9, 84, 'HUACHOS'),
(80410, 90408, 9, 9, 84, 'HUAMATAMBO'),
(80414, 90409, 9, 9, 84, 'MOLLEPAMPA'),
(80422, 90410, 9, 9, 84, 'SAN JUAN'),
(80427, 90412, 9, 9, 84, 'TANTARA'),
(80428, 90413, 9, 9, 84, 'TICRAPO'),
(80429, 90411, 9, 9, 84, 'SANTA ANA'),
(80501, 90701, 9, 9, 87, 'PAMPAS'),
(80502, 90702, 9, 9, 87, 'ACOSTAMBO'),
(80503, 90703, 9, 9, 87, 'ACRAQUIA'),
(80504, 90704, 9, 9, 87, 'AHUAYCHA'),
(80506, 90705, 9, 9, 87, 'COLCABAMBA'),
(80509, 90706, 9, 9, 87, 'DANIEL HERNANDEZ'),
(80511, 90707, 9, 9, 87, 'HUACHOCOLPA'),
(80512, 90709, 9, 9, 87, 'HUARIBAMBA'),
(80515, 90710, 9, 9, 87, 'ÑAHUIMPUQUIO'),
(80517, 90711, 9, 9, 87, 'PAZOS'),
(80518, 90713, 9, 9, 87, 'QUISHUAR'),
(80519, 90714, 9, 9, 87, 'SALCABAMBA'),
(80520, 90716, 9, 9, 87, 'SAN MARCOS DE ROCCHAC'),
(80523, 90717, 9, 9, 87, 'SURCUBAMBA'),
(80525, 90718, 9, 9, 87, 'TINTAY PUNCU'),
(80526, 90715, 9, 9, 87, 'SALCAHUASI'),
(80528, 90719, 9, 9, 87, 'QUICHUAS'),
(80529, 90720, 9, 9, 87, 'ANDAYMARCA'),
(80530, 90721, 9, 9, 87, 'ROBLE'),
(80531, 90722, 9, 9, 87, 'PICHOS'),
(80532, 90723, 9, 9, 87, 'SANTIAGO DE TUCUMA'),
(80533, 90724, 9, 9, 87, 'LAMBRAS'),
(80534, 90725, 9, 9, 87, 'COCHABAMBA'),
(80601, 90602, 9, 9, 86, 'AYAVI'),
(80602, 90603, 9, 9, 86, 'CORDOVA'),
(80603, 90604, 9, 9, 86, 'HUAYACUNDO ARMA'),
(80604, 90601, 9, 9, 86, 'HUAYTARA'),
(80605, 90605, 9, 9, 86, 'LARAMARCA'),
(80606, 90606, 9, 9, 86, 'OCOYO'),
(80607, 90607, 9, 9, 86, 'PILPICHACA'),
(80608, 90608, 9, 9, 86, 'QUERCO'),
(80609, 90609, 9, 9, 86, 'QUITO-ARMA'),
(80610, 90610, 9, 9, 86, 'SAN ANTONIO DE CUSICANCHA'),
(80611, 90611, 9, 9, 86, 'SAN FRANCISCO DE SANGAYAICO'),
(80612, 90612, 9, 9, 86, 'SAN ISIDRO'),
(80613, 90613, 9, 9, 86, 'SANTIAGO DE CHOCORVOS'),
(80614, 90614, 9, 9, 86, 'SANTIAGO DE QUIRAHUARA'),
(80615, 90615, 9, 9, 86, 'SANTO DOMINGO DE CAPILLAS'),
(80616, 90616, 9, 9, 86, 'TAMBO'),
(80701, 90501, 9, 9, 85, 'CHURCAMPA'),
(80702, 90502, 9, 9, 85, 'ANCO'),
(80703, 90503, 9, 9, 85, 'CHINCHIHUASI'),
(80704, 90504, 9, 9, 85, 'EL CARMEN'),
(80705, 90505, 9, 9, 85, 'LA MERCED'),
(80706, 90506, 9, 9, 85, 'LOCROJA'),
(80707, 90507, 9, 9, 85, 'PAUCARBAMBA'),
(80708, 90508, 9, 9, 85, 'SAN MIGUEL DE MAYOCC'),
(80709, 90509, 9, 9, 85, 'SAN PEDRO DE CORIS'),
(80710, 90510, 9, 9, 85, 'PACHAMARCA'),
(80711, 90511, 9, 9, 85, 'COSME'),
(90101, 100101, 10, 10, 88, 'HUANUCO'),
(90102, 100103, 10, 10, 88, 'CHINCHAO'),
(90103, 100104, 10, 10, 88, 'CHURUBAMBA'),
(90104, 100105, 10, 10, 88, 'MARGOS'),
(90105, 100106, 10, 10, 88, 'QUISQUI'),
(90106, 100107, 10, 10, 88, 'SAN FRANCISCO DE CAYRAN'),
(90107, 100108, 10, 10, 88, 'SAN PEDRO DE CHAULAN'),
(90108, 100109, 10, 10, 88, 'SANTA MARIA DEL VALLE'),
(90109, 100110, 10, 10, 88, 'YARUMAYO'),
(90110, 100102, 10, 10, 88, 'AMARILIS'),
(90111, 100111, 10, 10, 88, 'PILLCO MARCA'),
(90112, 100112, 10, 10, 88, 'YACUS'),
(90113, 100113, 10, 10, 88, 'SAN PABLO DE PILLAO'),
(90201, 100201, 10, 10, 89, 'AMBO'),
(90202, 100202, 10, 10, 89, 'CAYNA'),
(90203, 100203, 10, 10, 89, 'COLPAS'),
(90204, 100204, 10, 10, 89, 'CONCHAMARCA'),
(90205, 100205, 10, 10, 89, 'HUACAR'),
(90206, 100206, 10, 10, 89, 'SAN FRANCISCO'),
(90207, 100207, 10, 10, 89, 'SAN RAFAEL'),
(90208, 100208, 10, 10, 89, 'TOMAY KICHWA'),
(90301, 100301, 10, 10, 90, 'LA UNION'),
(90307, 100307, 10, 10, 90, 'CHUQUIS'),
(90312, 100311, 10, 10, 90, 'MARIAS'),
(90314, 100313, 10, 10, 90, 'PACHAS'),
(90316, 100316, 10, 10, 90, 'QUIVILLA'),
(90317, 100317, 10, 10, 90, 'RIPAN'),
(90321, 100321, 10, 10, 90, 'SHUNQUI'),
(90322, 100322, 10, 10, 90, 'SILLAPATA'),
(90323, 100323, 10, 10, 90, 'YANAS'),
(90401, 100501, 10, 10, 92, 'LLATA'),
(90402, 100502, 10, 10, 92, 'ARANCAY'),
(90403, 100503, 10, 10, 92, 'CHAVIN DE PARIARCA'),
(90404, 100504, 10, 10, 92, 'JACAS GRANDE'),
(90405, 100505, 10, 10, 92, 'JIRCAN'),
(90406, 100506, 10, 10, 92, 'MIRAFLORES'),
(90407, 100507, 10, 10, 92, 'MONZON'),
(90408, 100508, 10, 10, 92, 'PUNCHAO'),
(90409, 100509, 10, 10, 92, 'PUÑOS'),
(90410, 100510, 10, 10, 92, 'SINGA'),
(90411, 100511, 10, 10, 92, 'TANTAMAYO'),
(90501, 100701, 10, 10, 94, 'HUACRACHUCO'),
(90502, 100702, 10, 10, 94, 'CHOLON'),
(90505, 100703, 10, 10, 94, 'SAN BUENAVENTURA'),
(90506, 100704, 10, 10, 94, 'LA MORADA'),
(90507, 100705, 10, 10, 94, 'SANTA ROSA DE ALTO YANAJANCA'),
(90601, 100601, 10, 10, 93, 'RUPA-RUPA'),
(90602, 100602, 10, 10, 93, 'DANIEL ALOMIAS ROBLES'),
(90603, 100603, 10, 10, 93, 'HERMILIO VALDIZAN'),
(90604, 100605, 10, 10, 93, 'LUYANDO'),
(90605, 100606, 10, 10, 93, 'MARIANO DAMASO BERAUN'),
(90606, 100604, 10, 10, 93, 'JOSE CRESPO Y CASTILLO'),
(90607, 100607, 10, 10, 93, 'PUCAYACU'),
(90608, 100608, 10, 10, 93, 'CASTILLO GRANDE'),
(90609, 100609, 10, 10, 93, 'PUEBLO NUEVO'),
(90610, 100610, 10, 10, 93, 'SANTO DOMINGO DE ANDA'),
(90701, 100801, 10, 10, 95, 'PANAO'),
(90702, 100802, 10, 10, 95, 'CHAGLLA'),
(90704, 100803, 10, 10, 95, 'MOLINO'),
(90706, 100804, 10, 10, 95, 'UMARI'),
(90801, 100903, 10, 10, 96, 'HONORIA'),
(90802, 100901, 10, 10, 96, 'PUERTO INCA'),
(90803, 100902, 10, 10, 96, 'CODO DEL POZUZO'),
(90804, 100904, 10, 10, 96, 'TOURNAVISTA'),
(90805, 100905, 10, 10, 96, 'YUYAPICHIS'),
(90901, 100401, 10, 10, 91, 'HUACAYBAMBA'),
(90902, 100404, 10, 10, 91, 'PINRA'),
(90903, 100402, 10, 10, 91, 'CANCHABAMBA'),
(90904, 100403, 10, 10, 91, 'COCHABAMBA'),
(91001, 101001, 10, 10, 97, 'JESUS'),
(91002, 101002, 10, 10, 97, 'BAÑOS'),
(91003, 101006, 10, 10, 97, 'SAN FRANCISCO DE ASIS'),
(91004, 101004, 10, 10, 97, 'QUEROPALCA'),
(91005, 101007, 10, 10, 97, 'SAN MIGUEL DE CAURI'),
(91006, 101005, 10, 10, 97, 'RONDOS'),
(91007, 101003, 10, 10, 97, 'JIVIA'),
(91101, 101101, 10, 10, 98, 'CHAVINILLO'),
(91102, 101104, 10, 10, 98, 'APARICIO POMARES'),
(91103, 101102, 10, 10, 98, 'CAHUAC'),
(91104, 101103, 10, 10, 98, 'CHACABAMBA'),
(91105, 101105, 10, 10, 98, 'JACAS CHICO'),
(91106, 101106, 10, 10, 98, 'OBAS'),
(91107, 101107, 10, 10, 98, 'PAMPAMARCA'),
(91108, 101108, 10, 10, 98, 'CHORAS'),
(100101, 110101, 11, 11, 99, 'ICA'),
(100102, 110102, 11, 11, 99, 'LA TINGUIÑA'),
(100103, 110103, 11, 11, 99, 'LOS AQUIJES'),
(100104, 110106, 11, 11, 99, 'PARCONA'),
(100105, 110107, 11, 11, 99, 'PUEBLO NUEVO'),
(100106, 110108, 11, 11, 99, 'SALAS'),
(100107, 110109, 11, 11, 99, 'SAN JOSE DE LOS MOLINOS'),
(100108, 110110, 11, 11, 99, 'SAN JUAN BAUTISTA'),
(100109, 110111, 11, 11, 99, 'SANTIAGO'),
(100110, 110112, 11, 11, 99, 'SUBTANJALLA'),
(100111, 110114, 11, 11, 99, 'YAUCA DEL ROSARIO'),
(100112, 110113, 11, 11, 99, 'TATE'),
(100113, 110105, 11, 11, 99, 'PACHACUTEC'),
(100114, 110104, 11, 11, 99, 'OCUCAJE'),
(100201, 110201, 11, 11, 100, 'CHINCHA ALTA'),
(100202, 110203, 11, 11, 100, 'CHAVIN'),
(100203, 110204, 11, 11, 100, 'CHINCHA BAJA'),
(100204, 110205, 11, 11, 100, 'EL CARMEN'),
(100205, 110206, 11, 11, 100, 'GROCIO PRADO'),
(100206, 110209, 11, 11, 100, 'SAN PEDRO DE HUACARPANA'),
(100207, 110210, 11, 11, 100, 'SUNAMPE'),
(100208, 110211, 11, 11, 100, 'TAMBO DE MORA'),
(100209, 110202, 11, 11, 100, 'ALTO LARAN'),
(100210, 110207, 11, 11, 100, 'PUEBLO NUEVO'),
(100211, 110208, 11, 11, 100, 'SAN JUAN DE YANAC'),
(100301, 110301, 11, 11, 101, 'NAZCA'),
(100302, 110302, 11, 11, 101, 'CHANGUILLO'),
(100303, 110303, 11, 11, 101, 'EL INGENIO'),
(100304, 110304, 11, 11, 101, 'MARCONA'),
(100305, 110305, 11, 11, 101, 'VISTA ALEGRE'),
(100401, 110501, 11, 11, 103, 'PISCO'),
(100402, 110502, 11, 11, 103, 'HUANCANO'),
(100403, 110503, 11, 11, 103, 'HUMAY'),
(100404, 110504, 11, 11, 103, 'INDEPENDENCIA'),
(100405, 110505, 11, 11, 103, 'PARACAS'),
(100406, 110506, 11, 11, 103, 'SAN ANDRES'),
(100407, 110507, 11, 11, 103, 'SAN CLEMENTE'),
(100408, 110508, 11, 11, 103, 'TUPAC AMARU INCA'),
(100501, 110401, 11, 11, 102, 'PALPA'),
(100502, 110402, 11, 11, 102, 'LLIPATA'),
(100503, 110403, 11, 11, 102, 'RIO GRANDE'),
(100504, 110404, 11, 11, 102, 'SANTA CRUZ'),
(100505, 110405, 11, 11, 102, 'TIBILLO'),
(110101, 120101, 12, 12, 104, 'HUANCAYO'),
(110103, 120104, 12, 12, 104, 'CARHUACALLANGA'),
(110104, 120112, 12, 12, 104, 'COLCA'),
(110105, 120113, 12, 12, 104, 'CULLHUAS'),
(110106, 120105, 12, 12, 104, 'CHACAPAMPA'),
(110107, 120106, 12, 12, 104, 'CHICCHE'),
(110108, 120107, 12, 12, 104, 'CHILCA'),
(110109, 120108, 12, 12, 104, 'CHONGOS ALTO'),
(110112, 120111, 12, 12, 104, 'CHUPURO'),
(110113, 120114, 12, 12, 104, 'EL TAMBO'),
(110114, 120116, 12, 12, 104, 'HUACRAPUQUIO'),
(110116, 120117, 12, 12, 104, 'HUALHUAS'),
(110118, 120119, 12, 12, 104, 'HUANCAN'),
(110119, 120120, 12, 12, 104, 'HUASICANCHA'),
(110120, 120121, 12, 12, 104, 'HUAYUCACHI'),
(110121, 120122, 12, 12, 104, 'INGENIO'),
(110122, 120124, 12, 12, 104, 'PARIAHUANCA'),
(110123, 120125, 12, 12, 104, 'PILCOMAYO'),
(110124, 120126, 12, 12, 104, 'PUCARA'),
(110125, 120127, 12, 12, 104, 'QUICHUAY'),
(110126, 120128, 12, 12, 104, 'QUILCAS'),
(110127, 120129, 12, 12, 104, 'SAN AGUSTIN'),
(110128, 120130, 12, 12, 104, 'SAN JERONIMO DE TUNAN'),
(110131, 120135, 12, 12, 104, 'SANTO DOMINGO DE ACOBAMBA'),
(110132, 120132, 12, 12, 104, 'SAÑO'),
(110133, 120133, 12, 12, 104, 'SAPALLANGA'),
(110134, 120134, 12, 12, 104, 'SICAYA'),
(110136, 120136, 12, 12, 104, 'VIQUES'),
(110201, 120201, 12, 12, 105, 'CONCEPCION'),
(110202, 120202, 12, 12, 105, 'ACO'),
(110203, 120203, 12, 12, 105, 'ANDAMARCA'),
(110204, 120206, 12, 12, 105, 'COMAS'),
(110205, 120205, 12, 12, 105, 'COCHAS'),
(110206, 120204, 12, 12, 105, 'CHAMBARA'),
(110207, 120207, 12, 12, 105, 'HEROINAS TOLEDO'),
(110208, 120208, 12, 12, 105, 'MANZANARES'),
(110209, 120209, 12, 12, 105, 'MARISCAL CASTILLA'),
(110210, 120210, 12, 12, 105, 'MATAHUASI'),
(110211, 120211, 12, 12, 105, 'MITO'),
(110212, 120212, 12, 12, 105, 'NUEVE DE JULIO'),
(110213, 120213, 12, 12, 105, 'ORCOTUNA'),
(110214, 120215, 12, 12, 105, 'SANTA ROSA DE OCOPA'),
(110215, 120214, 12, 12, 105, 'SAN JOSE DE QUERO'),
(110301, 120401, 12, 12, 107, 'JAUJA'),
(110302, 120402, 12, 12, 107, 'ACOLLA'),
(110303, 120403, 12, 12, 107, 'APATA'),
(110304, 120404, 12, 12, 107, 'ATAURA'),
(110305, 120405, 12, 12, 107, 'CANCHAYLLO'),
(110306, 120407, 12, 12, 107, 'EL MANTARO'),
(110307, 120408, 12, 12, 107, 'HUAMALI'),
(110308, 120409, 12, 12, 107, 'HUARIPAMPA'),
(110309, 120410, 12, 12, 107, 'HUERTAS'),
(110310, 120411, 12, 12, 107, 'JANJAILLO'),
(110311, 120412, 12, 12, 107, 'JULCAN'),
(110312, 120413, 12, 12, 107, 'LEONOR ORDOÑEZ'),
(110313, 120414, 12, 12, 107, 'LLOCLLAPAMPA'),
(110314, 120415, 12, 12, 107, 'MARCO'),
(110315, 120416, 12, 12, 107, 'MASMA'),
(110316, 120418, 12, 12, 107, 'MOLINOS'),
(110317, 120419, 12, 12, 107, 'MONOBAMBA'),
(110318, 120420, 12, 12, 107, 'MUQUI'),
(110319, 120421, 12, 12, 107, 'MUQUIYAUYO'),
(110320, 120422, 12, 12, 107, 'PACA'),
(110321, 120423, 12, 12, 107, 'PACCHA'),
(110322, 120424, 12, 12, 107, 'PANCAN'),
(110323, 120425, 12, 12, 107, 'PARCO'),
(110324, 120426, 12, 12, 107, 'POMACANCHA'),
(110325, 120427, 12, 12, 107, 'RICRAN'),
(110326, 120428, 12, 12, 107, 'SAN LORENZO'),
(110327, 120429, 12, 12, 107, 'SAN PEDRO DE CHUNAN'),
(110328, 120431, 12, 12, 107, 'SINCOS'),
(110329, 120432, 12, 12, 107, 'TUNAN MARCA'),
(110330, 120433, 12, 12, 107, 'YAULI'),
(110331, 120406, 12, 12, 107, 'CURICACA'),
(110332, 120417, 12, 12, 107, 'MASMA CHICCHE'),
(110333, 120430, 12, 12, 107, 'SAUSA'),
(110334, 120434, 12, 12, 107, 'YAUYOS'),
(110401, 120501, 12, 12, 108, 'JUNIN'),
(110402, 120502, 12, 12, 108, 'CARHUAMAYO'),
(110403, 120503, 12, 12, 108, 'ONDORES'),
(110404, 120504, 12, 12, 108, 'ULCUMAYO'),
(110501, 120701, 12, 12, 110, 'TARMA'),
(110502, 120702, 12, 12, 110, 'ACOBAMBA'),
(110503, 120703, 12, 12, 110, 'HUARICOLCA'),
(110504, 120704, 12, 12, 110, 'HUASAHUASI'),
(110505, 120705, 12, 12, 110, 'LA UNION'),
(110506, 120706, 12, 12, 110, 'PALCA'),
(110507, 120707, 12, 12, 110, 'PALCAMAYO'),
(110508, 120708, 12, 12, 110, 'SAN PEDRO DE CAJAS'),
(110509, 120709, 12, 12, 110, 'TAPO'),
(110601, 120801, 12, 12, 111, 'LA OROYA'),
(110602, 120802, 12, 12, 111, 'CHACAPALPA'),
(110603, 120803, 12, 12, 111, 'HUAY-HUAY'),
(110604, 120804, 12, 12, 111, 'MARCAPOMACOCHA'),
(110605, 120805, 12, 12, 111, 'MOROCOCHA'),
(110606, 120806, 12, 12, 111, 'PACCHA'),
(110607, 120807, 12, 12, 111, 'SANTA BARBARA DE CARHUACAYAN'),
(110608, 120809, 12, 12, 111, 'SUITUCANCHA'),
(110609, 120810, 12, 12, 111, 'YAULI'),
(110610, 120808, 12, 12, 111, 'SANTA ROSA DE SACCO'),
(110701, 120601, 12, 12, 109, 'SATIPO'),
(110702, 120602, 12, 12, 109, 'COVIRIALI'),
(110703, 120603, 12, 12, 109, 'LLAYLLA'),
(110704, 120604, 12, 12, 109, 'MAZAMARI'),
(110705, 120605, 12, 12, 109, 'PAMPA HERMOSA'),
(110706, 120606, 12, 12, 109, 'PANGOA'),
(110707, 120607, 12, 12, 109, 'RIO NEGRO'),
(110708, 120608, 12, 12, 109, 'RIO TAMBO'),
(110709, 120609, 12, 12, 109, 'VIZCATAN DEL ENE'),
(110801, 120301, 12, 12, 106, 'CHANCHAMAYO'),
(110802, 120305, 12, 12, 106, 'SAN RAMON'),
(110803, 120306, 12, 12, 106, 'VITOC'),
(110804, 120304, 12, 12, 106, 'SAN LUIS DE SHUARO'),
(110805, 120303, 12, 12, 106, 'PICHANAQUI'),
(110806, 120302, 12, 12, 106, 'PERENE'),
(110901, 120901, 12, 12, 112, 'CHUPACA'),
(110902, 120902, 12, 12, 112, 'AHUAC'),
(110903, 120903, 12, 12, 112, 'CHONGOS BAJO'),
(110904, 120904, 12, 12, 112, 'HUACHAC'),
(110905, 120905, 12, 12, 112, 'HUAMANCACA CHICO'),
(110906, 120906, 12, 12, 112, 'SAN JUAN DE YSCOS'),
(110907, 120907, 12, 12, 112, 'SAN JUAN DE JARPA'),
(110908, 120908, 12, 12, 112, 'TRES DE DICIEMBRE'),
(110909, 120909, 12, 12, 112, 'YANACANCHA'),
(120101, 130101, 13, 13, 113, 'TRUJILLO'),
(120102, 130104, 13, 13, 113, 'HUANCHACO'),
(120103, 130106, 13, 13, 113, 'LAREDO'),
(120104, 130107, 13, 13, 113, 'MOCHE'),
(120105, 130109, 13, 13, 113, 'SALAVERRY'),
(120106, 130110, 13, 13, 113, 'SIMBAL'),
(120107, 130111, 13, 13, 113, 'VICTOR LARCO HERRERA'),
(120109, 130108, 13, 13, 113, 'POROTO'),
(120110, 130102, 13, 13, 113, 'EL PORVENIR'),
(120111, 130105, 13, 13, 113, 'LA ESPERANZA'),
(120112, 130103, 13, 13, 113, 'FLORENCIA DE MORA'),
(120201, 130301, 13, 13, 115, 'BOLIVAR'),
(120202, 130302, 13, 13, 115, 'BAMBAMARCA'),
(120203, 130303, 13, 13, 115, 'CONDORMARCA'),
(120204, 130304, 13, 13, 115, 'LONGOTEA'),
(120205, 130306, 13, 13, 115, 'UCUNCHA'),
(120206, 130305, 13, 13, 115, 'UCHUMARCA'),
(120301, 130901, 13, 13, 121, 'HUAMACHUCO'),
(120302, 130903, 13, 13, 121, 'COCHORCO'),
(120303, 130904, 13, 13, 121, 'CURGOS'),
(120304, 130902, 13, 13, 121, 'CHUGAY'),
(120305, 130905, 13, 13, 121, 'MARCABAL'),
(120306, 130906, 13, 13, 121, 'SANAGORAN'),
(120307, 130907, 13, 13, 121, 'SARIN'),
(120308, 130908, 13, 13, 121, 'SARTIMBAMBA'),
(120401, 130601, 13, 13, 118, 'OTUZCO'),
(120402, 130602, 13, 13, 118, 'AGALLPAMPA'),
(120403, 130604, 13, 13, 118, 'CHARAT'),
(120404, 130605, 13, 13, 118, 'HUARANCHAL'),
(120405, 130606, 13, 13, 118, 'LA CUESTA'),
(120408, 130610, 13, 13, 118, 'PARANDAY'),
(120409, 130611, 13, 13, 118, 'SALPO'),
(120410, 130613, 13, 13, 118, 'SINSICAP'),
(120411, 130614, 13, 13, 118, 'USQUIL'),
(120413, 130608, 13, 13, 118, 'MACHE'),
(120501, 130701, 13, 13, 119, 'SAN PEDRO DE LLOC'),
(120503, 130702, 13, 13, 119, 'GUADALUPE'),
(120504, 130703, 13, 13, 119, 'JEQUETEPEQUE'),
(120506, 130704, 13, 13, 119, 'PACASMAYO'),
(120508, 130705, 13, 13, 119, 'SAN JOSE'),
(120601, 130801, 13, 13, 120, 'TAYABAMBA'),
(120602, 130802, 13, 13, 120, 'BULDIBUYO'),
(120603, 130803, 13, 13, 120, 'CHILLIA'),
(120604, 130805, 13, 13, 120, 'HUAYLILLAS'),
(120605, 130804, 13, 13, 120, 'HUANCASPATA'),
(120606, 130806, 13, 13, 120, 'HUAYO'),
(120607, 130807, 13, 13, 120, 'ONGON'),
(120608, 130808, 13, 13, 120, 'PARCOY'),
(120609, 130809, 13, 13, 120, 'PATAZ'),
(120610, 130810, 13, 13, 120, 'PIAS'),
(120611, 130812, 13, 13, 120, 'TAURIJA'),
(120612, 130813, 13, 13, 120, 'URPAY'),
(120613, 130811, 13, 13, 120, 'SANTIAGO DE CHALLAS'),
(120701, 131001, 13, 13, 122, 'SANTIAGO DE CHUCO'),
(120702, 131003, 13, 13, 122, 'CACHICADAN'),
(120703, 131004, 13, 13, 122, 'MOLLEBAMBA'),
(120704, 131005, 13, 13, 122, 'MOLLEPATA'),
(120705, 131006, 13, 13, 122, 'QUIRUVILCA'),
(120706, 131007, 13, 13, 122, 'SANTA CRUZ DE CHUCA'),
(120707, 131008, 13, 13, 122, 'SITABAMBA'),
(120708, 131002, 13, 13, 122, 'ANGASMARCA'),
(120801, 130201, 13, 13, 114, 'ASCOPE'),
(120802, 130202, 13, 13, 114, 'CHICAMA'),
(120803, 130203, 13, 13, 114, 'CHOCOPE'),
(120804, 130207, 13, 13, 114, 'SANTIAGO DE CAO'),
(120805, 130204, 13, 13, 114, 'MAGDALENA DE CAO'),
(120806, 130205, 13, 13, 114, 'PAIJAN'),
(120807, 130206, 13, 13, 114, 'RAZURI'),
(120808, 130208, 13, 13, 114, 'CASA GRANDE'),
(120901, 130401, 13, 13, 116, 'CHEPEN'),
(120902, 130402, 13, 13, 116, 'PACANGA'),
(120903, 130403, 13, 13, 116, 'PUEBLO NUEVO'),
(121001, 130501, 13, 13, 117, 'JULCAN'),
(121002, 130503, 13, 13, 117, 'CARABAMBA'),
(121003, 130502, 13, 13, 117, 'CALAMARCA'),
(121004, 130504, 13, 13, 117, 'HUASO'),
(121101, 131101, 13, 13, 123, 'CASCAS'),
(121102, 131102, 13, 13, 123, 'LUCMA'),
(121103, 131103, 13, 13, 123, 'MARMOT'),
(121104, 131104, 13, 13, 123, 'SAYAPULLO'),
(121201, 131201, 13, 13, 124, 'VIRU'),
(121202, 131202, 13, 13, 124, 'CHAO'),
(121203, 131203, 13, 13, 124, 'GUADALUPITO'),
(130101, 140101, 14, 14, 125, 'CHICLAYO'),
(130102, 140102, 14, 14, 125, 'CHONGOYAPE'),
(130103, 140103, 14, 14, 125, 'ETEN'),
(130104, 140104, 14, 14, 125, 'ETEN PUERTO'),
(130105, 140107, 14, 14, 125, 'LAGUNAS'),
(130106, 140108, 14, 14, 125, 'MONSEFU'),
(130107, 140109, 14, 14, 125, 'NUEVA ARICA'),
(130108, 140110, 14, 14, 125, 'OYOTUN'),
(130109, 140111, 14, 14, 125, 'PICSI'),
(130110, 140112, 14, 14, 125, 'PIMENTEL'),
(130111, 140113, 14, 14, 125, 'REQUE'),
(130112, 140105, 14, 14, 125, 'JOSE LEONARDO ORTIZ'),
(130113, 140114, 14, 14, 125, 'SANTA ROSA'),
(130114, 140115, 14, 14, 125, 'SAÑA'),
(130115, 140106, 14, 14, 125, 'LA VICTORIA'),
(130116, 140116, 14, 14, 125, 'CAYALTI'),
(130117, 140117, 14, 14, 125, 'PATAPO'),
(130118, 140118, 14, 14, 125, 'POMALCA'),
(130119, 140119, 14, 14, 125, 'PUCALA'),
(130120, 140120, 14, 14, 125, 'TUMAN'),
(130201, 140201, 14, 14, 126, 'FERREÑAFE'),
(130202, 140203, 14, 14, 126, 'INCAHUASI'),
(130203, 140202, 14, 14, 126, 'CAÑARIS'),
(130204, 140205, 14, 14, 126, 'PITIPO'),
(130205, 140206, 14, 14, 126, 'PUEBLO NUEVO'),
(130206, 140204, 14, 14, 126, 'MANUEL ANTONIO MESONES MURO'),
(130301, 140301, 14, 14, 127, 'LAMBAYEQUE'),
(130302, 140302, 14, 14, 127, 'CHOCHOPE'),
(130303, 140303, 14, 14, 127, 'ILLIMO'),
(130304, 140304, 14, 14, 127, 'JAYANCA'),
(130305, 140305, 14, 14, 127, 'MOCHUMI'),
(130306, 140306, 14, 14, 127, 'MORROPE'),
(130307, 140307, 14, 14, 127, 'MOTUPE'),
(130308, 140308, 14, 14, 127, 'OLMOS'),
(130309, 140309, 14, 14, 127, 'PACORA'),
(130310, 140310, 14, 14, 127, 'SALAS'),
(130311, 140311, 14, 14, 127, 'SAN JOSE'),
(130312, 140312, 14, 14, 127, 'TUCUME'),
(140101, 150101, 15, 15, 128, 'LIMA'),
(140102, 150102, 15, 15, 128, 'ANCON'),
(140103, 150103, 15, 15, 128, 'ATE'),
(140104, 150105, 15, 15, 128, 'BREÑA'),
(140105, 150106, 15, 15, 128, 'CARABAYLLO'),
(140106, 150110, 15, 15, 128, 'COMAS'),
(140107, 150107, 15, 15, 128, 'CHACLACAYO'),
(140108, 150108, 15, 15, 128, 'CHORRILLOS'),
(140109, 150115, 15, 15, 128, 'LA VICTORIA'),
(140110, 150114, 15, 15, 128, 'LA MOLINA'),
(140111, 150116, 15, 15, 128, 'LINCE'),
(140112, 150118, 15, 15, 128, 'LURIGANCHO'),
(140113, 150119, 15, 15, 128, 'LURIN');
INSERT INTO `distritos` (`ubigeo_reniec`, `ubigeo_inei`, `id_departamento`, `id_region`, `id_provincia`, `nom_distrito`) VALUES
(140114, 150120, 15, 15, 128, 'MAGDALENA DEL MAR'),
(140115, 150122, 15, 15, 128, 'MIRAFLORES'),
(140116, 150123, 15, 15, 128, 'PACHACAMAC'),
(140117, 150121, 15, 15, 128, 'PUEBLO LIBRE'),
(140118, 150124, 15, 15, 128, 'PUCUSANA'),
(140119, 150125, 15, 15, 128, 'PUENTE PIEDRA'),
(140120, 150126, 15, 15, 128, 'PUNTA HERMOSA'),
(140121, 150127, 15, 15, 128, 'PUNTA NEGRA'),
(140122, 150128, 15, 15, 128, 'RIMAC'),
(140123, 150129, 15, 15, 128, 'SAN BARTOLO'),
(140124, 150131, 15, 15, 128, 'SAN ISIDRO'),
(140125, 150104, 15, 15, 128, 'BARRANCO'),
(140126, 150135, 15, 15, 128, 'SAN MARTIN DE PORRES'),
(140127, 150136, 15, 15, 128, 'SAN MIGUEL'),
(140128, 150138, 15, 15, 128, 'SANTA MARIA DEL MAR'),
(140129, 150139, 15, 15, 128, 'SANTA ROSA'),
(140130, 150140, 15, 15, 128, 'SANTIAGO DE SURCO'),
(140131, 150141, 15, 15, 128, 'SURQUILLO'),
(140132, 150143, 15, 15, 128, 'VILLA MARIA DEL TRIUNFO'),
(140133, 150113, 15, 15, 128, 'JESUS MARIA'),
(140134, 150112, 15, 15, 128, 'INDEPENDENCIA'),
(140135, 150111, 15, 15, 128, 'EL AGUSTINO'),
(140136, 150133, 15, 15, 128, 'SAN JUAN DE MIRAFLORES'),
(140137, 150132, 15, 15, 128, 'SAN JUAN DE LURIGANCHO'),
(140138, 150134, 15, 15, 128, 'SAN LUIS'),
(140139, 150109, 15, 15, 128, 'CIENEGUILLA'),
(140140, 150130, 15, 15, 128, 'SAN BORJA'),
(140141, 150142, 15, 15, 128, 'VILLA EL SALVADOR'),
(140142, 150117, 15, 15, 128, 'LOS OLIVOS'),
(140143, 150137, 15, 15, 128, 'SANTA ANITA'),
(140201, 150301, 15, 16, 130, 'CAJATAMBO'),
(140205, 150302, 15, 16, 130, 'COPA'),
(140206, 150303, 15, 16, 130, 'GORGOR'),
(140207, 150304, 15, 16, 130, 'HUANCAPON'),
(140208, 150305, 15, 16, 130, 'MANAS'),
(140301, 150401, 15, 16, 131, 'CANTA'),
(140302, 150402, 15, 16, 131, 'ARAHUAY'),
(140303, 150403, 15, 16, 131, 'HUAMANTANGA'),
(140304, 150404, 15, 16, 131, 'HUAROS'),
(140305, 150405, 15, 16, 131, 'LACHAQUI'),
(140306, 150406, 15, 16, 131, 'SAN BUENAVENTURA'),
(140307, 150407, 15, 16, 131, 'SANTA ROSA DE QUIVES'),
(140401, 150501, 15, 16, 132, 'SAN VICENTE DE CAÑETE'),
(140402, 150503, 15, 16, 132, 'CALANGO'),
(140403, 150504, 15, 16, 132, 'CERRO AZUL'),
(140404, 150506, 15, 16, 132, 'COAYLLO'),
(140405, 150505, 15, 16, 132, 'CHILCA'),
(140406, 150507, 15, 16, 132, 'IMPERIAL'),
(140407, 150508, 15, 16, 132, 'LUNAHUANA'),
(140408, 150509, 15, 16, 132, 'MALA'),
(140409, 150510, 15, 16, 132, 'NUEVO IMPERIAL'),
(140410, 150511, 15, 16, 132, 'PACARAN'),
(140411, 150512, 15, 16, 132, 'QUILMANA'),
(140412, 150513, 15, 16, 132, 'SAN ANTONIO'),
(140413, 150514, 15, 16, 132, 'SAN LUIS'),
(140414, 150515, 15, 16, 132, 'SANTA CRUZ DE FLORES'),
(140415, 150516, 15, 16, 132, 'ZUÑIGA'),
(140416, 150502, 15, 16, 132, 'ASIA'),
(140501, 150801, 15, 16, 135, 'HUACHO'),
(140502, 150802, 15, 16, 135, 'AMBAR'),
(140504, 150803, 15, 16, 135, 'CALETA DE CARQUIN'),
(140505, 150804, 15, 16, 135, 'CHECRAS'),
(140506, 150805, 15, 16, 135, 'HUALMAY'),
(140507, 150806, 15, 16, 135, 'HUAURA'),
(140508, 150807, 15, 16, 135, 'LEONCIO PRADO'),
(140509, 150808, 15, 16, 135, 'PACCHO'),
(140511, 150809, 15, 16, 135, 'SANTA LEONOR'),
(140512, 150810, 15, 16, 135, 'SANTA MARIA'),
(140513, 150811, 15, 16, 135, 'SAYAN'),
(140516, 150812, 15, 16, 135, 'VEGUETA'),
(140601, 150701, 15, 16, 134, 'MATUCANA'),
(140602, 150702, 15, 16, 134, 'ANTIOQUIA'),
(140603, 150703, 15, 16, 134, 'CALLAHUANCA'),
(140604, 150704, 15, 16, 134, 'CARAMPOMA'),
(140605, 150724, 15, 16, 134, 'SAN PEDRO DE CASTA'),
(140606, 150706, 15, 16, 134, 'CUENCA'),
(140607, 150705, 15, 16, 134, 'CHICLA'),
(140608, 150708, 15, 16, 134, 'HUANZA'),
(140609, 150709, 15, 16, 134, 'HUAROCHIRI'),
(140610, 150710, 15, 16, 134, 'LAHUAYTAMBO'),
(140611, 150711, 15, 16, 134, 'LANGA'),
(140612, 150713, 15, 16, 134, 'MARIATANA'),
(140613, 150714, 15, 16, 134, 'RICARDO PALMA'),
(140614, 150715, 15, 16, 134, 'SAN ANDRES DE TUPICOCHA'),
(140615, 150716, 15, 16, 134, 'SAN ANTONIO'),
(140616, 150717, 15, 16, 134, 'SAN BARTOLOME'),
(140617, 150718, 15, 16, 134, 'SAN DAMIAN'),
(140618, 150726, 15, 16, 134, 'SANGALLAYA'),
(140619, 150720, 15, 16, 134, 'SAN JUAN DE TANTARANCHE'),
(140620, 150721, 15, 16, 134, 'SAN LORENZO DE QUINTI'),
(140621, 150722, 15, 16, 134, 'SAN MATEO'),
(140622, 150723, 15, 16, 134, 'SAN MATEO DE OTAO'),
(140623, 150725, 15, 16, 134, 'SAN PEDRO DE HUANCAYRE'),
(140624, 150727, 15, 16, 134, 'SANTA CRUZ DE COCACHACRA'),
(140625, 150728, 15, 16, 134, 'SANTA EULALIA'),
(140626, 150729, 15, 16, 134, 'SANTIAGO DE ANCHUCAYA'),
(140627, 150730, 15, 16, 134, 'SANTIAGO DE TUNA'),
(140628, 150731, 15, 16, 134, 'SANTO DOMINGO DE LOS OLLEROS'),
(140629, 150732, 15, 16, 134, 'SURCO'),
(140630, 150707, 15, 16, 134, 'HUACHUPAMPA'),
(140631, 150712, 15, 16, 134, 'LARAOS'),
(140632, 150719, 15, 16, 134, 'SAN JUAN DE IRIS'),
(140701, 151001, 15, 16, 137, 'YAUYOS'),
(140702, 151002, 15, 16, 137, 'ALIS'),
(140703, 151003, 15, 16, 137, 'AYAUCA'),
(140704, 151004, 15, 16, 137, 'AYAVIRI'),
(140705, 151005, 15, 16, 137, 'AZANGARO'),
(140706, 151006, 15, 16, 137, 'CACRA'),
(140707, 151007, 15, 16, 137, 'CARANIA'),
(140708, 151010, 15, 16, 137, 'COCHAS'),
(140709, 151011, 15, 16, 137, 'COLONIA'),
(140710, 151009, 15, 16, 137, 'CHOCOS'),
(140711, 151013, 15, 16, 137, 'HUAMPARA'),
(140712, 151014, 15, 16, 137, 'HUANCAYA'),
(140713, 151015, 15, 16, 137, 'HUANGASCAR'),
(140714, 151016, 15, 16, 137, 'HUANTAN'),
(140715, 151017, 15, 16, 137, 'HUAÑEC'),
(140716, 151018, 15, 16, 137, 'LARAOS'),
(140717, 151019, 15, 16, 137, 'LINCHA'),
(140718, 151021, 15, 16, 137, 'MIRAFLORES'),
(140719, 151022, 15, 16, 137, 'OMAS'),
(140720, 151024, 15, 16, 137, 'QUINCHES'),
(140721, 151025, 15, 16, 137, 'QUINOCAY'),
(140722, 151026, 15, 16, 137, 'SAN JOAQUIN'),
(140723, 151027, 15, 16, 137, 'SAN PEDRO DE PILAS'),
(140724, 151028, 15, 16, 137, 'TANTA'),
(140725, 151029, 15, 16, 137, 'TAURIPAMPA'),
(140726, 151031, 15, 16, 137, 'TUPE'),
(140727, 151030, 15, 16, 137, 'TOMAS'),
(140728, 151032, 15, 16, 137, 'VIÑAC'),
(140729, 151033, 15, 16, 137, 'VITIS'),
(140730, 151012, 15, 16, 137, 'HONGOS'),
(140731, 151020, 15, 16, 137, 'MADEAN'),
(140732, 151023, 15, 16, 137, 'PUTINZA'),
(140733, 151008, 15, 16, 137, 'CATAHUASI'),
(140801, 150601, 15, 16, 133, 'HUARAL'),
(140802, 150602, 15, 16, 133, 'ATAVILLOS ALTO'),
(140803, 150603, 15, 16, 133, 'ATAVILLOS BAJO'),
(140804, 150604, 15, 16, 133, 'AUCALLAMA'),
(140805, 150605, 15, 16, 133, 'CHANCAY'),
(140806, 150606, 15, 16, 133, 'IHUARI'),
(140807, 150607, 15, 16, 133, 'LAMPIAN'),
(140808, 150608, 15, 16, 133, 'PACARAOS'),
(140809, 150609, 15, 16, 133, 'SAN MIGUEL DE ACOS'),
(140810, 150612, 15, 16, 133, 'VEINTISIETE DE NOVIEMBRE'),
(140811, 150610, 15, 16, 133, 'SANTA CRUZ DE ANDAMARCA'),
(140812, 150611, 15, 16, 133, 'SUMBILCA'),
(140901, 150201, 15, 16, 129, 'BARRANCA'),
(140902, 150202, 15, 16, 129, 'PARAMONGA'),
(140903, 150203, 15, 16, 129, 'PATIVILCA'),
(140904, 150204, 15, 16, 129, 'SUPE'),
(140905, 150205, 15, 16, 129, 'SUPE PUERTO'),
(141001, 150901, 15, 16, 136, 'OYON'),
(141002, 150905, 15, 16, 136, 'NAVAN'),
(141003, 150903, 15, 16, 136, 'CAUJUL'),
(141004, 150902, 15, 16, 136, 'ANDAJES'),
(141005, 150906, 15, 16, 136, 'PACHANGARA'),
(141006, 150904, 15, 16, 136, 'COCHAMARCA'),
(150101, 160101, 16, 17, 138, 'IQUITOS'),
(150102, 160102, 16, 17, 138, 'ALTO NANAY'),
(150103, 160103, 16, 17, 138, 'FERNANDO LORES'),
(150104, 160105, 16, 17, 138, 'LAS AMAZONAS'),
(150105, 160106, 16, 17, 138, 'MAZAN'),
(150106, 160107, 16, 17, 138, 'NAPO'),
(150107, 160109, 16, 17, 138, 'PUTUMAYO'),
(150108, 160110, 16, 17, 138, 'TORRES CAUSANA'),
(150110, 160104, 16, 17, 138, 'INDIANA'),
(150111, 160108, 16, 17, 138, 'PUNCHANA'),
(150112, 160112, 16, 17, 138, 'BELEN'),
(150113, 160113, 16, 17, 138, 'SAN JUAN BAUTISTA'),
(150114, 160114, 16, 17, 138, 'TENIENTE MANUEL CLAVERO'),
(150201, 160201, 16, 17, 139, 'YURIMAGUAS'),
(150202, 160202, 16, 17, 139, 'BALSAPUERTO'),
(150205, 160205, 16, 17, 139, 'JEBEROS'),
(150206, 160206, 16, 17, 139, 'LAGUNAS'),
(150210, 160210, 16, 17, 139, 'SANTA CRUZ'),
(150211, 160211, 16, 17, 139, 'TENIENTE CESAR LOPEZ ROJAS'),
(150301, 160301, 16, 17, 140, 'NAUTA'),
(150302, 160302, 16, 17, 140, 'PARINARI'),
(150303, 160303, 16, 17, 140, 'TIGRE'),
(150304, 160305, 16, 17, 140, 'URARINAS'),
(150305, 160304, 16, 17, 140, 'TROMPETEROS'),
(150401, 160501, 16, 17, 142, 'REQUENA'),
(150402, 160502, 16, 17, 142, 'ALTO TAPICHE'),
(150403, 160503, 16, 17, 142, 'CAPELO'),
(150404, 160504, 16, 17, 142, 'EMILIO SAN MARTIN'),
(150405, 160505, 16, 17, 142, 'MAQUIA'),
(150406, 160506, 16, 17, 142, 'PUINAHUA'),
(150407, 160507, 16, 17, 142, 'SAQUENA'),
(150408, 160508, 16, 17, 142, 'SOPLIN'),
(150409, 160509, 16, 17, 142, 'TAPICHE'),
(150410, 160510, 16, 17, 142, 'JENARO HERRERA'),
(150411, 160511, 16, 17, 142, 'YAQUERANA'),
(150501, 160601, 16, 17, 143, 'CONTAMANA'),
(150502, 160606, 16, 17, 143, 'VARGAS GUERRA'),
(150503, 160603, 16, 17, 143, 'PADRE MARQUEZ'),
(150504, 160604, 16, 17, 143, 'PAMPA HERMOSA'),
(150505, 160605, 16, 17, 143, 'SARAYACU'),
(150506, 160602, 16, 17, 143, 'INAHUAYA'),
(150601, 160401, 16, 17, 141, 'RAMON CASTILLA'),
(150602, 160402, 16, 17, 141, 'PEBAS'),
(150603, 160403, 16, 17, 141, 'YAVARI'),
(150604, 160404, 16, 17, 141, 'SAN PABLO'),
(150701, 160701, 16, 17, 144, 'BARRANCA'),
(150702, 160706, 16, 17, 144, 'ANDOAS'),
(150703, 160702, 16, 17, 144, 'CAHUAPANAS'),
(150704, 160703, 16, 17, 144, 'MANSERICHE'),
(150705, 160704, 16, 17, 144, 'MORONA'),
(150706, 160705, 16, 17, 144, 'PASTAZA'),
(150901, 160801, 16, 17, 145, 'PUTUMAYO'),
(150902, 160802, 16, 17, 145, 'ROSA PANDURO'),
(150903, 160803, 16, 17, 145, 'TENIENTE MANUEL CLAVERO'),
(150904, 160804, 16, 17, 145, 'YAGUAS'),
(160101, 170101, 17, 18, 146, 'TAMBOPATA'),
(160102, 170102, 17, 18, 146, 'INAMBARI'),
(160103, 170103, 17, 18, 146, 'LAS PIEDRAS'),
(160104, 170104, 17, 18, 146, 'LABERINTO'),
(160201, 170201, 17, 18, 147, 'MANU'),
(160202, 170202, 17, 18, 147, 'FITZCARRALD'),
(160203, 170203, 17, 18, 147, 'MADRE DE DIOS'),
(160204, 170204, 17, 18, 147, 'HUEPETUHE'),
(160301, 170301, 17, 18, 148, 'IÑAPARI'),
(160302, 170302, 17, 18, 148, 'IBERIA'),
(160303, 170303, 17, 18, 148, 'TAHUAMANU'),
(170101, 180101, 18, 19, 149, 'MOQUEGUA'),
(170102, 180102, 18, 19, 149, 'CARUMAS'),
(170103, 180103, 18, 19, 149, 'CUCHUMBAYA'),
(170104, 180105, 18, 19, 149, 'SAN CRISTOBAL'),
(170105, 180106, 18, 19, 149, 'TORATA'),
(170106, 180104, 18, 19, 149, 'SAMEGUA'),
(170107, 0, 18, 19, 149, 'SAN ANTONIO'),
(170201, 180201, 18, 19, 150, 'OMATE'),
(170202, 180203, 18, 19, 150, 'COALAQUE'),
(170203, 180202, 18, 19, 150, 'CHOJATA'),
(170204, 180204, 18, 19, 150, 'ICHUÑA'),
(170205, 180205, 18, 19, 150, 'LA CAPILLA'),
(170206, 180206, 18, 19, 150, 'LLOQUE'),
(170207, 180207, 18, 19, 150, 'MATALAQUE'),
(170208, 180208, 18, 19, 150, 'PUQUINA'),
(170209, 180209, 18, 19, 150, 'QUINISTAQUILLAS'),
(170210, 180210, 18, 19, 150, 'UBINAS'),
(170211, 180211, 18, 19, 150, 'YUNGA'),
(170301, 180301, 18, 19, 151, 'ILO'),
(170302, 180302, 18, 19, 151, 'EL ALGARROBAL'),
(170303, 180303, 18, 19, 151, 'PACOCHA'),
(180101, 190101, 19, 20, 152, 'CHAUPIMARCA'),
(180103, 190102, 19, 20, 152, 'HUACHON'),
(180104, 190103, 19, 20, 152, 'HUARIACA'),
(180105, 190104, 19, 20, 152, 'HUAYLLAY'),
(180106, 190105, 19, 20, 152, 'NINACACA'),
(180107, 190106, 19, 20, 152, 'PALLANCHACRA'),
(180108, 190107, 19, 20, 152, 'PAUCARTAMBO'),
(180109, 190108, 19, 20, 152, 'SAN FRANCISCO DE ASIS DE YARUSYACAN'),
(180110, 190109, 19, 20, 152, 'SIMON BOLIVAR'),
(180111, 190110, 19, 20, 152, 'TICLACAYAN'),
(180112, 190111, 19, 20, 152, 'TINYAHUARCO'),
(180113, 190112, 19, 20, 152, 'VICCO'),
(180114, 190113, 19, 20, 152, 'YANACANCHA'),
(180201, 190201, 19, 20, 153, 'YANAHUANCA'),
(180202, 190202, 19, 20, 153, 'CHACAYAN'),
(180203, 190203, 19, 20, 153, 'GOYLLARISQUIZGA'),
(180204, 190204, 19, 20, 153, 'PAUCAR'),
(180205, 190205, 19, 20, 153, 'SAN PEDRO DE PILLAO'),
(180206, 190206, 19, 20, 153, 'SANTA ANA DE TUSI'),
(180207, 190207, 19, 20, 153, 'TAPUC'),
(180208, 190208, 19, 20, 153, 'VILCABAMBA'),
(180301, 190301, 19, 20, 154, 'OXAPAMPA'),
(180302, 190302, 19, 20, 154, 'CHONTABAMBA'),
(180303, 190303, 19, 20, 154, 'HUANCABAMBA'),
(180304, 190306, 19, 20, 154, 'PUERTO BERMUDEZ'),
(180305, 190307, 19, 20, 154, 'VILLA RICA'),
(180306, 190305, 19, 20, 154, 'POZUZO'),
(180307, 190304, 19, 20, 154, 'PALCAZU'),
(180308, 190308, 19, 20, 154, 'CONSTITUCION'),
(190101, 200101, 20, 21, 155, 'PIURA'),
(190103, 200104, 20, 21, 155, 'CASTILLA'),
(190104, 200105, 20, 21, 155, 'CATACAOS'),
(190105, 200109, 20, 21, 155, 'LA ARENA'),
(190106, 200110, 20, 21, 155, 'LA UNION'),
(190107, 200111, 20, 21, 155, 'LAS LOMAS'),
(190109, 200114, 20, 21, 155, 'TAMBO GRANDE'),
(190113, 200107, 20, 21, 155, 'CURA MORI'),
(190114, 200108, 20, 21, 155, 'EL TALLAN'),
(190115, 200115, 20, 21, 155, 'VEINTISEIS DE OCTUBRE'),
(190201, 200201, 20, 21, 156, 'AYABACA'),
(190202, 200202, 20, 21, 156, 'FRIAS'),
(190203, 200204, 20, 21, 156, 'LAGUNAS'),
(190204, 200205, 20, 21, 156, 'MONTERO'),
(190205, 200206, 20, 21, 156, 'PACAIPAMPA'),
(190206, 200208, 20, 21, 156, 'SAPILLICA'),
(190207, 200209, 20, 21, 156, 'SICCHEZ'),
(190208, 200210, 20, 21, 156, 'SUYO'),
(190209, 200203, 20, 21, 156, 'JILILI'),
(190210, 200207, 20, 21, 156, 'PAIMAS'),
(190301, 200301, 20, 21, 157, 'HUANCABAMBA'),
(190302, 200302, 20, 21, 157, 'CANCHAQUE'),
(190303, 200304, 20, 21, 157, 'HUARMACA'),
(190304, 200307, 20, 21, 157, 'SONDOR'),
(190305, 200308, 20, 21, 157, 'SONDORILLO'),
(190306, 200303, 20, 21, 157, 'EL CARMEN DE LA FRONTERA'),
(190307, 200306, 20, 21, 157, 'SAN MIGUEL DE EL FAIQUE'),
(190308, 200305, 20, 21, 157, 'LALAQUIZ'),
(190401, 200401, 20, 21, 158, 'CHULUCANAS'),
(190402, 200402, 20, 21, 158, 'BUENOS AIRES'),
(190403, 200403, 20, 21, 158, 'CHALACO'),
(190404, 200405, 20, 21, 158, 'MORROPON'),
(190405, 200406, 20, 21, 158, 'SALITRAL'),
(190406, 200408, 20, 21, 158, 'SANTA CATALINA DE MOSSA'),
(190407, 200409, 20, 21, 158, 'SANTO DOMINGO'),
(190408, 200404, 20, 21, 158, 'LA MATANZA'),
(190409, 200410, 20, 21, 158, 'YAMANGO'),
(190410, 200407, 20, 21, 158, 'SAN JUAN DE BIGOTE'),
(190501, 200501, 20, 21, 159, 'PAITA'),
(190502, 200502, 20, 21, 159, 'AMOTAPE'),
(190503, 200503, 20, 21, 159, 'ARENAL'),
(190504, 200505, 20, 21, 159, 'LA HUACA'),
(190505, 200504, 20, 21, 159, 'COLAN'),
(190506, 200506, 20, 21, 159, 'TAMARINDO'),
(190507, 200507, 20, 21, 159, 'VICHAYAL'),
(190601, 200601, 20, 21, 160, 'SULLANA'),
(190602, 200602, 20, 21, 160, 'BELLAVISTA'),
(190603, 200604, 20, 21, 160, 'LANCONES'),
(190604, 200605, 20, 21, 160, 'MARCAVELICA'),
(190605, 200606, 20, 21, 160, 'MIGUEL CHECA'),
(190606, 200607, 20, 21, 160, 'QUERECOTILLO'),
(190607, 200608, 20, 21, 160, 'SALITRAL'),
(190608, 200603, 20, 21, 160, 'IGNACIO ESCUDERO'),
(190701, 200701, 20, 21, 161, 'PARIÑAS'),
(190702, 200702, 20, 21, 161, 'EL ALTO'),
(190703, 200703, 20, 21, 161, 'LA BREA'),
(190704, 200704, 20, 21, 161, 'LOBITOS'),
(190705, 200706, 20, 21, 161, 'MANCORA'),
(190706, 200705, 20, 21, 161, 'LOS ORGANOS'),
(190801, 200801, 20, 21, 162, 'SECHURA'),
(190802, 200805, 20, 21, 162, 'VICE'),
(190803, 200803, 20, 21, 162, 'BERNAL'),
(190804, 200802, 20, 21, 162, 'BELLAVISTA DE LA UNION'),
(190805, 200804, 20, 21, 162, 'CRISTO NOS VALGA'),
(190806, 200806, 20, 21, 162, 'RINCONADA LLICUAR'),
(200101, 210101, 21, 22, 163, 'PUNO'),
(200102, 210102, 21, 22, 163, 'ACORA'),
(200103, 210104, 21, 22, 163, 'ATUNCOLLA'),
(200104, 210105, 21, 22, 163, 'CAPACHICA'),
(200105, 210107, 21, 22, 163, 'COATA'),
(200106, 210106, 21, 22, 163, 'CHUCUITO'),
(200107, 210108, 21, 22, 163, 'HUATA'),
(200108, 210109, 21, 22, 163, 'MAÑAZO'),
(200109, 210110, 21, 22, 163, 'PAUCARCOLLA'),
(200110, 210111, 21, 22, 163, 'PICHACANI'),
(200111, 210113, 21, 22, 163, 'SAN ANTONIO'),
(200112, 210114, 21, 22, 163, 'TIQUILLACA'),
(200113, 210115, 21, 22, 163, 'VILQUE'),
(200114, 210112, 21, 22, 163, 'PLATERIA'),
(200115, 210103, 21, 22, 163, 'AMANTANI'),
(200201, 210201, 21, 22, 164, 'AZANGARO'),
(200202, 210202, 21, 22, 164, 'ACHAYA'),
(200203, 210203, 21, 22, 164, 'ARAPA'),
(200204, 210204, 21, 22, 164, 'ASILLO'),
(200205, 210205, 21, 22, 164, 'CAMINACA'),
(200206, 210206, 21, 22, 164, 'CHUPA'),
(200207, 210207, 21, 22, 164, 'JOSE DOMINGO CHOQUEHUANCA'),
(200208, 210208, 21, 22, 164, 'MUÑANI'),
(200210, 210209, 21, 22, 164, 'POTONI'),
(200212, 210210, 21, 22, 164, 'SAMAN'),
(200213, 210211, 21, 22, 164, 'SAN ANTON'),
(200214, 210212, 21, 22, 164, 'SAN JOSE'),
(200215, 210213, 21, 22, 164, 'SAN JUAN DE SALINAS'),
(200216, 210214, 21, 22, 164, 'SANTIAGO DE PUPUJA'),
(200217, 210215, 21, 22, 164, 'TIRAPATA'),
(200301, 210301, 21, 22, 165, 'MACUSANI'),
(200302, 210302, 21, 22, 165, 'AJOYANI'),
(200303, 210303, 21, 22, 165, 'AYAPATA'),
(200304, 210304, 21, 22, 165, 'COASA'),
(200305, 210305, 21, 22, 165, 'CORANI'),
(200306, 210306, 21, 22, 165, 'CRUCERO'),
(200307, 210307, 21, 22, 165, 'ITUATA'),
(200308, 210308, 21, 22, 165, 'OLLACHEA'),
(200309, 210309, 21, 22, 165, 'SAN GABAN'),
(200310, 210310, 21, 22, 165, 'USICAYOS'),
(200401, 210401, 21, 22, 166, 'JULI'),
(200402, 210402, 21, 22, 166, 'DESAGUADERO'),
(200403, 210403, 21, 22, 166, 'HUACULLANI'),
(200406, 210405, 21, 22, 166, 'PISACOMA'),
(200407, 210406, 21, 22, 166, 'POMATA'),
(200410, 210407, 21, 22, 166, 'ZEPITA'),
(200412, 210404, 21, 22, 166, 'KELLUYO'),
(200501, 210601, 21, 22, 168, 'HUANCANE'),
(200502, 210602, 21, 22, 168, 'COJATA'),
(200504, 210604, 21, 22, 168, 'INCHUPALLA'),
(200506, 210605, 21, 22, 168, 'PUSI'),
(200507, 210606, 21, 22, 168, 'ROSASPATA'),
(200508, 210607, 21, 22, 168, 'TARACO'),
(200509, 210608, 21, 22, 168, 'VILQUE CHICO'),
(200511, 210603, 21, 22, 168, 'HUATASANI'),
(200601, 210701, 21, 22, 169, 'LAMPA'),
(200602, 210702, 21, 22, 169, 'CABANILLA'),
(200603, 210703, 21, 22, 169, 'CALAPUJA'),
(200604, 210704, 21, 22, 169, 'NICASIO'),
(200605, 210705, 21, 22, 169, 'OCUVIRI'),
(200606, 210706, 21, 22, 169, 'PALCA'),
(200607, 210707, 21, 22, 169, 'PARATIA'),
(200608, 210708, 21, 22, 169, 'PUCARA'),
(200609, 210709, 21, 22, 169, 'SANTA LUCIA'),
(200610, 210710, 21, 22, 169, 'VILAVILA'),
(200701, 210801, 21, 22, 170, 'AYAVIRI'),
(200702, 210802, 21, 22, 170, 'ANTAUTA'),
(200703, 210803, 21, 22, 170, 'CUPI'),
(200704, 210804, 21, 22, 170, 'LLALLI'),
(200705, 210805, 21, 22, 170, 'MACARI'),
(200706, 210806, 21, 22, 170, 'NUÑOA'),
(200707, 210807, 21, 22, 170, 'ORURILLO'),
(200708, 210808, 21, 22, 170, 'SANTA ROSA'),
(200709, 210809, 21, 22, 170, 'UMACHIRI'),
(200801, 211201, 21, 22, 174, 'SANDIA'),
(200803, 211202, 21, 22, 174, 'CUYOCUYO'),
(200804, 211203, 21, 22, 174, 'LIMBANI'),
(200805, 211205, 21, 22, 174, 'PHARA'),
(200806, 211204, 21, 22, 174, 'PATAMBUCO'),
(200807, 211206, 21, 22, 174, 'QUIACA'),
(200808, 211207, 21, 22, 174, 'SAN JUAN DEL ORO'),
(200810, 211208, 21, 22, 174, 'YANAHUAYA'),
(200811, 211209, 21, 22, 174, 'ALTO INAMBARI'),
(200812, 211210, 21, 22, 174, 'SAN PEDRO DE PUTINA PUNCO'),
(200901, 211101, 21, 22, 173, 'JULIACA'),
(200902, 211102, 21, 22, 173, 'CABANA'),
(200903, 211103, 21, 22, 173, 'CABANILLAS'),
(200904, 211104, 21, 22, 173, 'CARACOTO'),
(200905, 211105, 21, 22, 173, 'SAN MIGUEL'),
(201001, 211301, 21, 22, 175, 'YUNGUYO'),
(201002, 211307, 21, 22, 175, 'UNICACHI'),
(201003, 211302, 21, 22, 175, 'ANAPIA'),
(201004, 211303, 21, 22, 175, 'COPANI'),
(201005, 211304, 21, 22, 175, 'CUTURAPI'),
(201006, 211305, 21, 22, 175, 'OLLARAYA'),
(201007, 211306, 21, 22, 175, 'TINICACHI'),
(201101, 211001, 21, 22, 172, 'PUTINA'),
(201102, 211003, 21, 22, 172, 'PEDRO VILCA APAZA'),
(201103, 211004, 21, 22, 172, 'QUILCAPUNCU'),
(201104, 211002, 21, 22, 172, 'ANANEA'),
(201105, 211005, 21, 22, 172, 'SINA'),
(201201, 210501, 21, 22, 167, 'ILAVE'),
(201202, 210503, 21, 22, 167, 'PILCUYO'),
(201203, 210504, 21, 22, 167, 'SANTA ROSA'),
(201204, 210502, 21, 22, 167, 'CAPAZO'),
(201205, 210505, 21, 22, 167, 'CONDURIRI'),
(201301, 210901, 21, 22, 171, 'MOHO'),
(201302, 210902, 21, 22, 171, 'CONIMA'),
(201303, 210904, 21, 22, 171, 'TILALI'),
(201304, 210903, 21, 22, 171, 'HUAYRAPATA'),
(210101, 220101, 22, 23, 176, 'MOYOBAMBA'),
(210102, 220102, 22, 23, 176, 'CALZADA'),
(210103, 220103, 22, 23, 176, 'HABANA'),
(210104, 220104, 22, 23, 176, 'JEPELACIO'),
(210105, 220105, 22, 23, 176, 'SORITOR'),
(210106, 220106, 22, 23, 176, 'YANTALO'),
(210201, 220401, 22, 23, 179, 'SAPOSOA'),
(210202, 220404, 22, 23, 179, 'PISCOYACU'),
(210203, 220405, 22, 23, 179, 'SACANCHE'),
(210204, 220406, 22, 23, 179, 'TINGO DE SAPOSOA'),
(210205, 220402, 22, 23, 179, 'ALTO SAPOSOA'),
(210206, 220403, 22, 23, 179, 'EL ESLABON'),
(210301, 220501, 22, 23, 180, 'LAMAS'),
(210303, 220503, 22, 23, 180, 'BARRANQUITA'),
(210304, 220504, 22, 23, 180, 'CAYNARACHI'),
(210305, 220505, 22, 23, 180, 'CUÑUMBUQUI'),
(210306, 220506, 22, 23, 180, 'PINTO RECODO'),
(210307, 220507, 22, 23, 180, 'RUMISAPA'),
(210311, 220509, 22, 23, 180, 'SHANAO'),
(210313, 220510, 22, 23, 180, 'TABALOSOS'),
(210314, 220511, 22, 23, 180, 'ZAPATERO'),
(210315, 220502, 22, 23, 180, 'ALONSO DE ALVARADO'),
(210316, 220508, 22, 23, 180, 'SAN ROQUE DE CUMBAZA'),
(210401, 220601, 22, 23, 181, 'JUANJUI'),
(210402, 220602, 22, 23, 181, 'CAMPANILLA'),
(210403, 220603, 22, 23, 181, 'HUICUNGO'),
(210404, 220604, 22, 23, 181, 'PACHIZA'),
(210405, 220605, 22, 23, 181, 'PAJARILLO'),
(210501, 220801, 22, 23, 183, 'RIOJA'),
(210502, 220806, 22, 23, 183, 'POSIC'),
(210503, 220808, 22, 23, 183, 'YORONGOS'),
(210504, 220809, 22, 23, 183, 'YURACYACU'),
(210505, 220804, 22, 23, 183, 'NUEVA CAJAMARCA'),
(210506, 220803, 22, 23, 183, 'ELIAS SOPLIN VARGAS'),
(210507, 220807, 22, 23, 183, 'SAN FERNANDO'),
(210508, 220805, 22, 23, 183, 'PARDO MIGUEL'),
(210509, 220802, 22, 23, 183, 'AWAJUN'),
(210601, 220901, 22, 23, 184, 'TARAPOTO'),
(210602, 220902, 22, 23, 184, 'ALBERTO LEVEAU'),
(210604, 220903, 22, 23, 184, 'CACATACHI'),
(210606, 220904, 22, 23, 184, 'CHAZUTA'),
(210607, 220905, 22, 23, 184, 'CHIPURANA'),
(210608, 220906, 22, 23, 184, 'EL PORVENIR'),
(210609, 220907, 22, 23, 184, 'HUIMBAYOC'),
(210610, 220908, 22, 23, 184, 'JUAN GUERRA'),
(210611, 220910, 22, 23, 184, 'MORALES'),
(210612, 220911, 22, 23, 184, 'PAPAPLAYA'),
(210616, 220912, 22, 23, 184, 'SAN ANTONIO'),
(210619, 220913, 22, 23, 184, 'SAUCE'),
(210620, 220914, 22, 23, 184, 'SHAPAJA'),
(210621, 220909, 22, 23, 184, 'LA BANDA DE SHILCAYO'),
(210701, 220201, 22, 23, 177, 'BELLAVISTA'),
(210702, 220206, 22, 23, 177, 'SAN RAFAEL'),
(210703, 220205, 22, 23, 177, 'SAN PABLO'),
(210704, 220202, 22, 23, 177, 'ALTO BIAVO'),
(210705, 220204, 22, 23, 177, 'HUALLAGA'),
(210706, 220203, 22, 23, 177, 'BAJO BIAVO'),
(210801, 221001, 22, 23, 185, 'TOCACHE'),
(210802, 221002, 22, 23, 185, 'NUEVO PROGRESO'),
(210803, 221003, 22, 23, 185, 'POLVORA'),
(210804, 221004, 22, 23, 185, 'SHUNTE'),
(210805, 221005, 22, 23, 185, 'UCHIZA'),
(210806, 221006, 22, 23, 185, 'SANTA LUCIA'),
(210901, 220701, 22, 23, 182, 'PICOTA'),
(210902, 220702, 22, 23, 182, 'BUENOS AIRES'),
(210903, 220703, 22, 23, 182, 'CASPISAPA'),
(210904, 220704, 22, 23, 182, 'PILLUANA'),
(210905, 220705, 22, 23, 182, 'PUCACACA'),
(210906, 220706, 22, 23, 182, 'SAN CRISTOBAL'),
(210907, 220707, 22, 23, 182, 'SAN HILARION'),
(210908, 220709, 22, 23, 182, 'TINGO DE PONASA'),
(210909, 220710, 22, 23, 182, 'TRES UNIDOS'),
(210910, 220708, 22, 23, 182, 'SHAMBOYACU'),
(211001, 220301, 22, 23, 178, 'SAN JOSE DE SISA'),
(211002, 220302, 22, 23, 178, 'AGUA BLANCA'),
(211003, 220305, 22, 23, 178, 'SHATOJA'),
(211004, 220303, 22, 23, 178, 'SAN MARTIN'),
(211005, 220304, 22, 23, 178, 'SANTA ROSA'),
(220101, 230101, 23, 24, 186, 'TACNA'),
(220102, 230103, 23, 24, 186, 'CALANA'),
(220104, 230105, 23, 24, 186, 'INCLAN'),
(220107, 230106, 23, 24, 186, 'PACHIA'),
(220108, 230107, 23, 24, 186, 'PALCA'),
(220109, 230108, 23, 24, 186, 'POCOLLAY'),
(220110, 230109, 23, 24, 186, 'SAMA'),
(220111, 230102, 23, 24, 186, 'ALTO DE LA ALIANZA'),
(220112, 230104, 23, 24, 186, 'CIUDAD NUEVA'),
(220113, 230110, 23, 24, 186, 'CORONEL GREGORIO ALBARRACIN LANCHIP'),
(220114, 230111, 23, 24, 186, 'LA YARADA LOS PALOS'),
(220201, 230401, 23, 24, 189, 'TARATA'),
(220205, 230402, 23, 24, 189, 'CHUCATAMANI'),
(220206, 230403, 23, 24, 189, 'ESTIQUE'),
(220207, 230404, 23, 24, 189, 'ESTIQUE-PAMPA'),
(220210, 230405, 23, 24, 189, 'SITAJARA'),
(220211, 230406, 23, 24, 189, 'SUSAPAYA'),
(220212, 230407, 23, 24, 189, 'TARUCACHI'),
(220213, 230408, 23, 24, 189, 'TICACO'),
(220301, 230301, 23, 24, 188, 'LOCUMBA'),
(220302, 230303, 23, 24, 188, 'ITE'),
(220303, 230302, 23, 24, 188, 'ILABAYA'),
(220401, 230201, 23, 24, 187, 'CANDARAVE'),
(220402, 230202, 23, 24, 187, 'CAIRANI'),
(220403, 230204, 23, 24, 187, 'CURIBAYA'),
(220404, 230205, 23, 24, 187, 'HUANUARA'),
(220405, 230206, 23, 24, 187, 'QUILAHUANI'),
(220406, 230203, 23, 24, 187, 'CAMILACA'),
(230101, 240101, 24, 25, 192, 'TUMBES'),
(230102, 240102, 24, 25, 192, 'CORRALES'),
(230103, 240103, 24, 25, 192, 'LA CRUZ'),
(230104, 240104, 24, 25, 192, 'PAMPAS DE HOSPITAL'),
(230105, 240105, 24, 25, 192, 'SAN JACINTO'),
(230106, 240106, 24, 25, 192, 'SAN JUAN DE LA VIRGEN'),
(230201, 240201, 24, 25, 190, 'ZORRITOS'),
(230202, 240202, 24, 25, 190, 'CASITAS'),
(230203, 240203, 24, 25, 190, 'CANOAS DE PUNTA SAL'),
(230301, 240301, 24, 25, 191, 'ZARUMILLA'),
(230302, 240303, 24, 25, 191, 'MATAPALO'),
(230303, 240304, 24, 25, 191, 'PAPAYAL'),
(230304, 240302, 24, 25, 191, 'AGUAS VERDES'),
(240101, 70101, 7, 7, 67, 'CALLAO'),
(240102, 70102, 7, 7, 67, 'BELLAVISTA'),
(240103, 70105, 7, 7, 67, 'LA PUNTA'),
(240104, 70103, 7, 7, 67, 'CARMEN DE LA LEGUA REYNOSO'),
(240105, 70104, 7, 7, 67, 'LA PERLA'),
(240106, 70106, 7, 7, 67, 'VENTANILLA'),
(240107, 70107, 7, 7, 67, 'MI PERU'),
(240108, 150144, 15, 15, 128, 'SANTA MARIA DE HUACHIPA'),
(250101, 250101, 25, 26, 193, 'CALLERIA'),
(250102, 250105, 25, 26, 193, 'YARINACOCHA'),
(250103, 250104, 25, 26, 193, 'MASISEA'),
(250104, 250102, 25, 26, 193, 'CAMPOVERDE'),
(250105, 250103, 25, 26, 193, 'IPARIA'),
(250106, 250106, 25, 26, 193, 'NUEVA REQUENA'),
(250107, 250107, 25, 26, 193, 'MANANTAY'),
(250201, 250301, 25, 26, 195, 'PADRE ABAD'),
(250202, 250302, 25, 26, 195, 'IRAZOLA'),
(250203, 250303, 25, 26, 195, 'CURIMANA'),
(250204, 250304, 25, 26, 195, 'NESHUYA'),
(250205, 250305, 25, 26, 195, 'ALEXANDER VON HUMBOLDT'),
(250206, 250307, 25, 26, 195, 'BOQUERON'),
(250207, 250306, 25, 26, 195, 'HUIPOCA'),
(250301, 250201, 25, 26, 194, 'RAYMONDI'),
(250302, 250203, 25, 26, 194, 'TAHUANIA'),
(250303, 250204, 25, 26, 194, 'YURUA'),
(250304, 250202, 25, 26, 194, 'SEPAHUA'),
(250401, 250401, 25, 26, 196, 'PURUS');

-- --------------------------------------------------------

--
-- Estructura de tabla para la tabla `empresa`
--

CREATE TABLE `empresa` (
  `id_empresa` int(11) NOT NULL,
  `razon_social` text NOT NULL,
  `ruc` bigint(20) NOT NULL,
  `direccion` text NOT NULL,
  `marca` text NOT NULL,
  `serie_boleta` varchar(4) NOT NULL,
  `nro_correlativo_venta` varchar(8) NOT NULL,
  `email` text NOT NULL
) ENGINE=InnoDB DEFAULT CHARSET=utf8;

--
-- Volcado de datos para la tabla `empresa`
--

INSERT INTO `empresa` (`id_empresa`, `razon_social`, `ruc`, `direccion`, `marca`, `serie_boleta`, `nro_correlativo_venta`, `email`) VALUES
(1, 'Maga & Tito Market', 10467291241, 'Avenida Brasil 1347 - Jesus María', 'Maga & Tito Market', '0002', '00000055', 'magaytito@gmail.com');

-- --------------------------------------------------------

--
-- Estructura de tabla para la tabla `grupos_politicos`
--

CREATE TABLE `grupos_politicos` (
  `codigo_agrupacion` int(11) NOT NULL,
  `agrupacion_politica` text NOT NULL,
  `logo_politico` text NOT NULL
) ENGINE=InnoDB DEFAULT CHARSET=utf8;

--
-- Volcado de datos para la tabla `grupos_politicos`
--

INSERT INTO `grupos_politicos` (`codigo_agrupacion`, `agrupacion_politica`, `logo_politico`) VALUES
(1, 'MOVIMIENTO REGIONAL UNIDAD CIVICA LIMA', '01.jpg'),
(2, 'FRENTE POPULAR AGRICOLA FIA DEL PERU', '02.jpg'),
(3, 'PARTIDO PATRIOTICO DEL PERU', '03.jpg'),
(4, 'PATRIA JOVEN', '04.jpg'),
(5, 'RENOVACION POPULAR', '05.jpg'),
(6, 'PARTIDO DEMOCRATICO SOMOS PERU', '06.jpg'),
(7, 'ACCION POPULAR', '07.jpg'),
(8, 'CONCERTACION PARA EL DESARROLLO REGIONAL - LIMA', '08.jpg'),
(9, 'FUERZA POPULAR', '09.jpg'),
(10, 'PODEMOS PERU', '10.jpg'),
(11, 'DEMOCRATA VERDE', '11.jpg'),
(12, 'PARTIDO FRENTE DE LA ESPERANZA 2021', '12.jpg'),
(13, 'JUNTOS POR EL PERU', '13.jpg'),
(14, 'PARTIDO MORADO', '14.jpg'),
(15, 'FE EN EL PERU', '15.jpg'),
(16, 'PARTIDO POLITICO NACIONAL PERU LIBRE', '16.jpg'),
(17, 'ALIANZA PARA EL PROGRESO', '17.jpg'),
(18, 'AVANZA PAIS - PARTIDO DE INTEGRACION SOCIAL', '18.jpg');

-- --------------------------------------------------------

--
-- Estructura de tabla para la tabla `modulos`
--

CREATE TABLE `modulos` (
  `id` int(11) NOT NULL,
  `modulo` varchar(45) DEFAULT NULL,
  `padre_id` int(11) DEFAULT NULL,
  `vista` varchar(45) DEFAULT NULL,
  `icon_menu` varchar(45) DEFAULT NULL,
  `fecha_creacion` datetime DEFAULT current_timestamp() ON UPDATE current_timestamp(),
  `fecha_actualizacion` timestamp NULL DEFAULT current_timestamp() ON UPDATE current_timestamp(),
  `orden` decimal(10,0) DEFAULT NULL
) ENGINE=InnoDB DEFAULT CHARSET=utf8;

--
-- Volcado de datos para la tabla `modulos`
--

INSERT INTO `modulos` (`id`, `modulo`, `padre_id`, `vista`, `icon_menu`, `fecha_creacion`, `fecha_actualizacion`, `orden`) VALUES
(1, 'Tablero Principal', 0, 'dashboard.php', 'fas fa-tachometer-alt', '2022-09-22 20:28:57', '2022-09-22 05:00:00', '0'),
(2, 'Ventas', 0, NULL, 'fas fa-store-alt', '2022-10-02 03:26:13', '2022-10-02 08:26:13', '13'),
(3, 'Punto de Venta', 2, 'ventas.php', 'far fa-circle', '2022-10-02 03:26:13', '2022-10-02 08:26:13', '14'),
(4, 'Administrar Ventas', 2, 'administrar_ventas.php', 'far fa-circle', '2022-10-02 03:26:13', '2022-10-02 08:26:13', '15'),
(5, 'Base', 0, NULL, 'fas fa-cart-plus', '2022-10-02 03:26:13', '2022-10-02 08:26:13', '16'),
(6, 'Inventario', 0, 'productos.php', 'far fa-circle', '2022-10-02 03:26:13', '2022-10-02 08:26:13', '19'),
(7, 'Carga Masiva', 0, 'carga_masiva_productos.php', 'far fa-circle', '2022-10-02 03:26:13', '2022-10-02 08:26:13', '20'),
(8, 'Categorías', 0, 'categorias.php', 'far fa-circle', '2022-10-02 03:26:13', '2022-10-02 08:26:13', '21'),
(9, 'Compras', 0, 'compras.php', 'fas fa-dolly', '2022-10-02 03:26:13', '2022-10-02 08:26:13', '26'),
(10, 'Reportes', 0, 'reportes.php', 'fas fa-chart-line', '2022-10-02 03:26:13', '2022-10-02 08:26:13', '25'),
(11, 'Configuración', 0, NULL, 'fas fa-cogs', '2022-10-02 03:26:13', '2022-10-02 08:26:13', '22'),
(12, 'Usuarios', 11, 'usuarios.php', 'fas fa-users', '2022-10-02 03:26:13', '2022-10-02 08:26:13', '23'),
(13, 'Roles y Perfiles', 11, 'modulos_perfiles.php', 'fas fa-tablet-alt', '2022-10-02 03:26:13', '2022-10-02 08:26:13', '24'),
(16, 'ARQUEO DE CAJA', 0, '401', 'fas fa-money-bill-wave', '2022-10-02 03:26:13', '2022-10-02 08:26:13', '27'),
(17, 'Candidatos', 5, 'candidatos.php?q=140903', 'far fa-circle nav-icon', '2022-10-02 03:26:13', '2022-10-02 08:26:13', '18'),
(18, 'Actas de Votación', 5, 'carga_votos.php?z=140901', 'far fa-circle nav-icon', '2022-10-02 03:26:13', '2022-10-02 08:26:13', '17'),
(19, 'ACTAS', 0, '1acta.php?z=140901', 'fas fa-money-bill-wave', '2022-10-02 03:26:13', '2022-10-02 08:26:13', '12'),
(20, 'NEU', 0, 'neu.php', 'fas fa-money-bill-wave', '2022-10-02 03:26:13', '2022-10-02 08:26:13', '11'),
(21, 'BARRANCA', 0, '', 'fab fa-fort-awesome', '2022-09-30 17:38:58', '2022-09-30 22:38:58', '1'),
(22, 'PROVINCIAL', 21, 'agree_acta_prov.php?z=140901', 'nav-icon far fa-circle', '2022-10-01 01:30:20', '2022-10-01 06:30:20', '2'),
(23, 'PARAMONGA', 0, '', 'nav-icon fab fa-fort-awesome', '2022-09-30 17:28:44', '2022-09-30 22:28:44', '3'),
(24, 'PATIVILCA', 0, '', 'nav-icon fab fa-fort-awesome', '2022-10-01 08:46:03', '2022-10-01 13:46:03', '7'),
(25, 'SUPE', 0, '', 'nav-icon fab fa-fort-awesome', '2022-10-02 03:26:12', '2022-10-02 08:26:12', '9'),
(26, 'SUPE PUERTO', 0, '', 'nav-icon fab fa-fort-awesome', '2022-10-02 03:26:13', '2022-10-02 08:26:13', '10'),
(27, 'DISTRITAL', 23, 'agree_acta_dist.php?z=140902', 'nav-icon far fa-circle nav-icon', '2022-10-01 08:46:03', '2022-10-01 13:46:03', '6'),
(28, 'PROVINCIAL', 23, 'agree_acta_prov.php?z=140901&q=140902', 'nav-icon far fa-circle nav-icon', '2022-10-01 08:46:03', '2022-10-01 13:46:03', '5'),
(29, 'REGIONAL', 23, 'agree_acta_region.php?z=16&q=140902', 'nav-icon far fa-circle nav-icon', '2022-10-01 08:46:02', '2022-10-01 13:46:02', '4'),
(30, 'DISTRITAL PA', 24, 'agree_acta_dist.php?z=140903', 'nav-icon far fa-circle nav-icon nav-icon', '2022-10-02 03:26:12', '2022-10-02 08:26:12', '8');

-- --------------------------------------------------------

--
-- Estructura de tabla para la tabla `modulos2`
--

CREATE TABLE `modulos2` (
  `id` int(11) NOT NULL,
  `modulo` varchar(45) DEFAULT NULL,
  `padre_id` int(11) DEFAULT NULL,
  `vista` varchar(45) DEFAULT NULL,
  `icon_menu` varchar(45) DEFAULT NULL
) ENGINE=InnoDB DEFAULT CHARSET=utf8;

--
-- Volcado de datos para la tabla `modulos2`
--

INSERT INTO `modulos2` (`id`, `modulo`, `padre_id`, `vista`, `icon_menu`) VALUES
(1, 'Tablero Principal', NULL, 'dashboard.php', 'fas fa-tachometer-alt'),
(2, 'Ventas', NULL, '', 'fas fa-store-alt'),
(3, 'Punto de Venta', 2, 'ventas.php', 'far fa-circle'),
(4, 'Administrar Ventas', 2, 'administrar_ventas.php', 'far fa-circle'),
(5, 'Productos', NULL, NULL, 'fas fa-cart-plus'),
(6, 'Inventario', 5, 'productos.php', 'far fa-circle'),
(7, 'Carga Masiva', 5, 'carga_masiva_productos.php', 'far fa-circle'),
(8, 'Categorías', 5, 'categorias.php', 'far fa-circle'),
(9, 'Compras', NULL, 'compras.php', 'fas fa-dolly'),
(10, 'Reportes', NULL, 'reportes.php', 'fas fa-chart-line'),
(11, 'Configuración', NULL, 'configuracion.php', 'fas fa-cogs'),
(12, 'Usuarios', NULL, 'usuarios.php', 'fas fa-users');

-- --------------------------------------------------------

--
-- Estructura de tabla para la tabla `perfiles`
--

CREATE TABLE `perfiles` (
  `id_perfil` int(11) NOT NULL,
  `descripcion` varchar(45) DEFAULT NULL,
  `estado` tinyint(4) DEFAULT NULL,
  `fecha_creacion` timestamp NOT NULL DEFAULT current_timestamp() ON UPDATE current_timestamp(),
  `fecha_actualizacion` date DEFAULT NULL
) ENGINE=InnoDB DEFAULT CHARSET=utf8;

--
-- Volcado de datos para la tabla `perfiles`
--

INSERT INTO `perfiles` (`id_perfil`, `descripcion`, `estado`, `fecha_creacion`, `fecha_actualizacion`) VALUES
(1, 'Administrador', 1, '2022-09-23 00:16:47', '2022-09-22'),
(2, 'Vendedor', 1, '2022-09-23 00:16:51', '2022-09-22');

-- --------------------------------------------------------

--
-- Estructura de tabla para la tabla `perfiles2`
--

CREATE TABLE `perfiles2` (
  `id_perfil` int(11) NOT NULL,
  `descripcion` varchar(45) DEFAULT NULL,
  `estado` tinyint(4) DEFAULT NULL
) ENGINE=InnoDB DEFAULT CHARSET=utf8;

--
-- Volcado de datos para la tabla `perfiles2`
--

INSERT INTO `perfiles2` (`id_perfil`, `descripcion`, `estado`) VALUES
(1, 'Administrador', 1),
(2, 'Vendedor', 1);

-- --------------------------------------------------------

--
-- Estructura de tabla para la tabla `perfil_modulo`
--

CREATE TABLE `perfil_modulo` (
  `idperfil_modulo` int(11) NOT NULL,
  `id_perfil` int(11) DEFAULT NULL,
  `id_modulo` int(11) DEFAULT NULL,
  `vista_inicio` tinyint(4) DEFAULT NULL,
  `estado` tinyint(4) DEFAULT NULL
) ENGINE=InnoDB DEFAULT CHARSET=utf8;

--
-- Volcado de datos para la tabla `perfil_modulo`
--

INSERT INTO `perfil_modulo` (`idperfil_modulo`, `id_perfil`, `id_modulo`, `vista_inicio`, `estado`) VALUES
(13, 1, 13, NULL, 1),
(31, 2, 1, 1, 1),
(32, 2, 2, 0, 1),
(33, 2, 3, 0, 1),
(34, 2, 4, 0, 1),
(263, 1, 1, 1, 1),
(264, 1, 29, 0, 1),
(265, 1, 23, 0, 1),
(266, 1, 28, 0, 1),
(267, 1, 27, 0, 1),
(268, 1, 20, 0, 1),
(269, 1, 19, 0, 1),
(270, 1, 18, 0, 1),
(271, 1, 5, 0, 1),
(272, 1, 17, 0, 1),
(273, 1, 12, 0, 1),
(274, 1, 11, 0, 1),
(275, 1, 24, 0, 1),
(276, 1, 30, 0, 1);

-- --------------------------------------------------------

--
-- Estructura de tabla para la tabla `producto`
--

CREATE TABLE `producto` (
  `idProducto` int(11) NOT NULL,
  `descProducto` text COLLATE utf8_unicode_ci NOT NULL,
  `codigoBarras` text COLLATE utf8_unicode_ci NOT NULL,
  `idCategoria` int(11) NOT NULL,
  `precioCompra` float NOT NULL,
  `precioVenta` float NOT NULL,
  `precioVentaMA` float NOT NULL,
  `oferta` float NOT NULL
) ENGINE=InnoDB DEFAULT CHARSET=utf8 COLLATE=utf8_unicode_ci;

--
-- Volcado de datos para la tabla `producto`
--

INSERT INTO `producto` (`idProducto`, `descProducto`, `codigoBarras`, `idCategoria`, `precioCompra`, `precioVenta`, `precioVentaMA`, `oferta`) VALUES
(29, 'GASEOSA 3L COCA COLA', '8692806056064', 24, 10000, 13000, 9500, 8000),
(30, 'Melamina', '00001', 26, 56, 76, 76, 7),
(32, 'DESODORANT BARRA', '7500435113465', 30, 12, 15, 13, 13.5),
(34, 'Caja de Galletas', '234534', 26, 60, 80, 70, 75),
(35, 'DELL CORE I7 8GB RAM DISCO 512GB SSD', '100', 34, 980, 1200, 1100, 1000),
(36, 'Arroz', '1234', 24, 4, 5, 2.5, 4),
(38, 'jabon', '110', 30, 20, 25, 22, 18),
(39, 'sony23', '132156', 33, 1200, 1300, 1250, 20),
(40, 'APROFORTE', '10105240410', 34, 10, 10, 5, 0),
(41, '2', '32323', 24, 21, 23, 213, 4343);

-- --------------------------------------------------------

--
-- Estructura de tabla para la tabla `productos`
--

CREATE TABLE `productos` (
  `id` int(11) NOT NULL,
  `codigo_producto` bigint(13) NOT NULL,
  `id_categoria_producto` int(11) DEFAULT NULL,
  `descripcion_producto` text COLLATE utf8_spanish_ci DEFAULT NULL,
  `precio_compra_producto` float NOT NULL,
  `precio_venta_producto` float NOT NULL,
  `precio_mayor_producto` float NOT NULL,
  `precio_oferta_producto` float NOT NULL,
  `utilidad` float NOT NULL,
  `stock_producto` float DEFAULT NULL,
  `minimo_stock_producto` float DEFAULT NULL,
  `ventas_producto` float DEFAULT NULL,
  `fecha_creacion_producto` timestamp NOT NULL DEFAULT current_timestamp() ON UPDATE current_timestamp(),
  `fecha_actualizacion_producto` date DEFAULT NULL
) ENGINE=InnoDB DEFAULT CHARSET=utf8 COLLATE=utf8_spanish_ci;

--
-- Volcado de datos para la tabla `productos`
--

INSERT INTO `productos` (`id`, `codigo_producto`, `id_categoria_producto`, `descripcion_producto`, `precio_compra_producto`, `precio_venta_producto`, `precio_mayor_producto`, `precio_oferta_producto`, `utilidad`, `stock_producto`, `minimo_stock_producto`, `ventas_producto`, `fecha_creacion_producto`, `fecha_actualizacion_producto`) VALUES
(295, 7755139002809, 85, 'Paisana extra 5k', 18.29, 20, 0, 0, 1.71, 1, 0, 0, '2022-09-30 05:33:23', '2022-09-30'),
(296, 7755139002810, 86, 'Gloria Fresa 500ml', 3.79, 5, 0, 0, 1.21, 5, 3, 1, '2022-10-01 15:43:08', '2022-09-30'),
(297, 7755139002811, 84, 'Gloria evaporada ligth 400g', 3.4, 5, 0, 0, 1.6, 23, 12, 1, '2022-10-01 05:45:46', '2022-09-30'),
(298, 7755139002812, 78, 'soda san jorge 40g', 0.5, 0.8, 0, 0, 0.3, 0, 0, 0, '2022-09-30 05:33:23', '2022-09-30'),
(299, 7755139002813, 78, 'vainilla field 37g', 0.33, 0.5, 0, 0, 0.17, 23, 10, 1, '2022-10-02 03:44:40', '2022-09-30'),
(300, 7755139002814, 78, 'Margarita', 0.53, 0.6, 0, 0, 0.07, 11, 6, 1, '2022-10-01 11:58:47', '2022-09-30'),
(301, 7755139002815, 78, 'soda field 34g', 0.37, 0.6, 0, 0, 0.23, 16, 5, 2, '2022-10-01 12:21:21', '2022-09-30'),
(302, 7755139002816, 78, 'ritz original', 0.43, 0.7, 0, 0, 0.27, 21, 10, 3, '2022-10-02 03:44:47', '2022-09-30'),
(303, 7755139002817, 78, 'ritz queso 34g', 0.68, 0.8, 0, 0, 0.12, 17, 5, 1, '2022-10-01 15:44:49', '2022-09-30'),
(304, 7755139002818, 78, 'Chocobum', 0.62, 0.8, 0, 0, 0.18, 17, 9, 1, '2022-10-01 12:16:59', '2022-09-30'),
(305, 7755139002819, 78, 'Picaras', 0.6, 0.8, 0, 0, 0.2, 21, 12, 3, '2022-10-01 12:15:46', '2022-09-30'),
(306, 7755139002820, 78, 'oreo original 36g', 0.57, 0.8, 0, 0, 0.23, 29, 10, 1, '2022-10-01 15:43:17', '2022-09-30'),
(307, 7755139002821, 78, 'club social 26g', 0.53, 0.8, 0, 0, 0.27, 34, 10, 2, '2022-10-01 16:00:43', '2022-09-30'),
(308, 7755139002822, 78, 'frac vanilla 45.5g', 0.52, 0.8, 0, 0, 0.28, 16, 5, 2, '2022-10-01 12:14:19', '2022-09-30'),
(309, 7755139002823, 78, 'frac chocolate 45.5g', 0.52, 0.8, 0, 0, 0.28, 17, 5, 1, '2022-10-01 12:21:03', '2022-09-30'),
(310, 7755139002824, 78, 'frac chasica 45.5g', 0.52, 0.8, 0, 0, 0.28, 17, 5, 1, '2022-10-01 15:44:40', '2022-09-30'),
(311, 7755139002825, 80, 'tuyo 22g', 0.5, 0.8, 0, 0, 0.3, 20, 5, 0, '2022-09-30 05:33:23', '2022-09-30'),
(312, 7755139002826, 78, 'gn rellenitas 36g chocolate', 0.47, 0.8, 0, 0, 0.33, 18, 5, 0, '2022-09-30 05:33:23', '2022-09-30'),
(313, 7755139002827, 78, 'gn rellenitas 36g coco', 0.47, 0.8, 0, 0, 0.33, 18, 5, 0, '2022-09-30 05:33:23', '2022-09-30'),
(314, 7755139002828, 78, 'gn rellenitas 36g coco', 0.47, 0.8, 0, 0, 0.33, 18, 5, 0, '2022-09-30 05:33:23', '2022-09-30'),
(315, 7755139002829, 81, 'cancun', 0.75, 0.9, 0, 0, 0.15, 24, 10, 0, '2022-09-30 05:33:23', '2022-09-30'),
(316, 7755139002830, 88, 'Big cola 400ml', 1, 1, 0, 0, 0, 15, 10, 0, '2022-09-30 05:33:23', '2022-09-30'),
(317, 7755139002831, 90, 'Zuko Piña', 0.9, 1, 0, 0, 0.1, 12, 6, 0, '2022-09-30 05:33:23', '2022-09-30'),
(318, 7755139002832, 90, 'Zuko Durazno', 0.9, 1, 0, 0, 0.1, 12, 6, 0, '2022-09-30 05:33:23', '2022-09-30'),
(319, 7755139002833, 79, 'chin chin 32g', 0.88, 1, 0, 0, 0.12, 16, 5, 0, '2022-09-30 05:33:23', '2022-09-30'),
(320, 7755139002834, 78, 'Morocha 30g', 0.85, 1, 0, 0, 0.15, 24, 12, 0, '2022-09-30 05:33:23', '2022-09-30'),
(321, 7755139002835, 90, 'Zuko Emoliente', 0.67, 1, 0, 0, 0.33, 12, 6, 0, '2022-09-30 05:33:23', '2022-09-30'),
(322, 7755139002836, 78, 'Choco donuts', 0.56, 1, 0, 0, 0.44, 18, 9, 0, '2022-09-30 05:33:23', '2022-09-30'),
(323, 7755139002837, 88, 'Pepsi 355ml', 1.5, 1.2, 0, 0, -0.3, 15, 10, 0, '2022-09-30 05:33:24', '2022-09-30'),
(324, 7755139002838, 93, 'Quaker 120gr', 1.29, 1.2, 0, 0, -0.09, 6, 3, 0, '2022-09-30 05:33:24', '2022-09-30'),
(325, 7755139002839, 91, 'Pulp Durazno 315ml', 1, 1.2, 0, 0, 0.2, 3, 3, 3, '2022-10-01 15:43:57', '2022-09-30'),
(326, 7755139002840, 80, 'morochas wafer 37g', 1, 1.2, 0, 0, 0.2, 12, 5, 0, '2022-09-30 05:33:24', '2022-09-30'),
(327, 7755139002841, 78, 'Wafer sublime', 0.92, 1.2, 0, 0, 0.28, 24, 12, 0, '2022-09-30 05:33:24', '2022-09-30'),
(328, 7755139002842, 78, 'hony bran 33g', 0.9, 1.2, 0, 0, 0.3, 18, 5, 0, '2022-09-30 05:33:24', '2022-09-30'),
(329, 7755139002843, 78, 'Sublime clásico', 1.06, 1.3, 0, 0, 0.24, 24, 12, 0, '2022-09-30 05:33:24', '2022-09-30'),
(330, 7755139002844, 86, 'Gloria fresa 180ml', 1.5, 1.5, 0, 0, 0, 23, 12, 1, '2022-10-01 15:43:36', '2022-09-30'),
(331, 7755139002845, 86, 'Gloria durazno 180ml', 1.5, 1.5, 0, 0, 0, 24, 12, 0, '2022-09-30 05:33:24', '2022-09-30'),
(332, 7755139002846, 86, 'Frutado fresa vasito', 1.39, 1.5, 0, 0, 0.11, 12, 6, 0, '2022-09-30 05:33:24', '2022-09-30'),
(333, 7755139002847, 86, 'Frutado durazno vasito', 1.39, 1.5, 0, 0, 0.11, 12, 6, 0, '2022-09-30 05:33:24', '2022-09-30'),
(334, 7755139002848, 93, '3 ositos quinua', 1.9, 1.8, 0, 0, -0.1, 6, 3, 0, '2022-09-30 05:33:24', '2022-09-30'),
(335, 7755139002849, 88, 'Seven Up 500ml', 1.8, 1.8, 0, 0, 0, 20, 10, 0, '2022-09-30 05:33:24', '2022-09-30'),
(336, 7755139002850, 88, 'Fanta Kola Inglesa 500ml', 1.39, 1.8, 0, 0, 0.41, 12, 6, 0, '2022-09-30 05:33:24', '2022-09-30'),
(337, 7755139002851, 88, 'Fanta Naranja 500ml', 1.39, 1.8, 0, 0, 0.41, 12, 6, 0, '2022-09-30 05:33:24', '2022-09-30'),
(338, 7755139002852, 83, 'Noble pq 2 unid', 1.3, 1.8, 0, 0, 0.5, 10, 6, 0, '2022-09-30 05:33:24', '2022-09-30'),
(339, 7755139002853, 83, 'Suave pq 2 unid', 1.99, 2, 0, 0, 0.01, 10, 6, 0, '2022-09-30 05:33:24', '2022-09-30'),
(340, 7755139002854, 88, 'Pepsi 750ml', 2.8, 2.5, 0, 0, -0.3, 12, 6, 0, '2022-09-30 05:33:24', '2022-09-30'),
(341, 7755139002855, 88, 'Coca cola 600ml', 2.6, 2.5, 0, 0, -0.1, 12, 6, 0, '2022-09-30 05:33:24', '2022-09-30'),
(342, 7755139002856, 88, 'Inca Kola 600ml', 2.6, 2.5, 0, 0, -0.1, 12, 6, 0, '2022-09-30 05:33:24', '2022-09-30'),
(343, 7755139002857, 83, 'Elite Megarrollo', 2.19, 2.8, 0, 0, 0.61, 12, 6, 0, '2022-09-30 05:33:24', '2022-09-30'),
(344, 7755139002858, 84, 'Pura vida 395g', 2.6, 2.9, 0, 0, 0.3, 24, 12, 0, '2022-09-30 05:33:24', '2022-09-30'),
(345, 7755139002859, 84, 'Ideal cremosita 395g', 3, 3.2, 0, 0, 0.2, 24, 12, 0, '2022-09-30 05:33:24', '2022-09-30'),
(346, 7755139002860, 84, 'Ideal Light 395g', 2.8, 3.2, 0, 0, 0.4, 24, 12, 0, '2022-09-30 05:33:24', '2022-09-30'),
(347, 7755139002861, 86, 'Fresa 370ml Laive', 2.19, 3.2, 0, 0, 1.01, 12, 6, 0, '2022-09-30 05:33:24', '2022-09-30'),
(348, 7755139002862, 84, 'Gloria evaporada entera ', 3.2, 3.3, 0, 0, 0.1, 24, 12, 0, '2022-09-30 05:33:24', '2022-09-30'),
(349, 7755139002863, 84, 'Laive Ligth caja 480ml', 2.8, 3.3, 0, 0, 0.5, 6, 3, 0, '2022-09-30 05:33:24', '2022-09-30'),
(350, 7755139002864, 88, 'Pepsi 1.5L', 4.4, 3.5, 0, 0, -0.9, 6, 3, 0, '2022-09-30 05:33:24', '2022-09-30'),
(351, 7755139002865, 86, 'Gloria durazno 500ml', 3.79, 3.5, 0, 0, -0.29, 6, 3, 0, '2022-09-30 05:33:24', '2022-09-30'),
(352, 7755139002866, 86, 'Gloria Vainilla Francesa 500ml', 3.79, 3.5, 0, 0, -0.29, 6, 3, 0, '2022-09-30 05:33:25', '2022-09-30'),
(353, 7755139002867, 86, 'Griego gloria', 3.65, 3.5, 0, 0, -0.15, 6, 3, 0, '2022-09-30 05:33:25', '2022-09-30'),
(354, 7755139002868, 88, 'Sabor Oro 1.7L', 3.5, 3.5, 0, 0, 0, 6, 3, 0, '2022-09-30 05:33:25', '2022-09-30'),
(355, 7755139002869, 84, 'Canchita mantequilla ', 3.25, 3.5, 0, 0, 0.25, 6, 3, 0, '2022-09-30 05:33:25', '2022-09-30'),
(356, 7755139002870, 84, 'Canchita natural', 3.25, 3.5, 0, 0, 0.25, 3, 2, 0, '2022-09-30 05:33:25', '2022-09-30'),
(357, 7755139002871, 84, 'Laive sin lactosa caja 480ml', 3.17, 3.5, 0, 0, 0.33, 6, 3, 0, '2022-09-30 05:33:25', '2022-09-30'),
(358, 7755139002872, 85, 'Valle Norte 750g', 3.1, 3.5, 0, 0, 0.4, 10, 5, 0, '2022-09-30 05:33:25', '2022-09-30'),
(359, 7755139002873, 86, 'Battimix', 2.89, 3.5, 0, 0, 0.61, 24, 12, 0, '2022-09-30 05:33:25', '2022-09-30'),
(360, 7755139002874, 84, 'Pringles papas', 2.8, 3.5, 0, 0, 0.7, 12, 6, 0, '2022-09-30 05:33:25', '2022-09-30'),
(361, 7755139002875, 85, 'Costeño 750g', 3.69, 4.2, 0, 0, 0.51, 20, 10, 0, '2022-09-30 05:33:25', '2022-09-30'),
(362, 7755139002876, 85, 'Faraon amarillo 1k', 3.39, 4.2, 0, 0, 0.81, 10, 5, 0, '2022-09-30 05:33:25', '2022-09-30'),
(363, 7755139002877, 82, 'A1 Trozos ', 5.17, 4.9, 0, 0, -0.27, 6, 3, 0, '2022-09-30 05:33:25', '2022-09-30'),
(364, 7755139002878, 83, 'Nova pq 2 unid', 3.99, 4.9, 0, 0, 0.91, 6, 2, 0, '2022-09-30 05:33:25', '2022-09-30'),
(365, 7755139002879, 83, 'Suave pq 4 unid', 4.58, 5, 0, 0, 0.42, 6, 3, 0, '2022-09-30 05:33:25', '2022-09-30'),
(366, 7755139002880, 82, 'Florida Trozos ', 5.15, 5.5, 0, 0, 0.35, 6, 3, 0, '2022-09-30 05:33:25', '2022-09-30'),
(367, 7755139002881, 83, 'Paracas pq 4 unid', 5, 5.5, 0, 0, 0.5, 6, 3, 0, '2022-09-30 05:33:25', '2022-09-30'),
(368, 7755139002882, 82, 'Trozos de atún Campomar', 4.66, 5.5, 0, 0, 0.84, 6, 3, 0, '2022-09-30 05:33:25', '2022-09-30'),
(369, 7755139002883, 82, 'A1 Filete', 4.65, 5.5, 0, 0, 0.85, 6, 3, 0, '2022-09-30 05:33:25', '2022-09-30'),
(370, 7755139002884, 82, 'Real Trozos', 4.63, 5.5, 0, 0, 0.87, 6, 3, 0, '2022-09-30 05:33:25', '2022-09-30'),
(371, 7755139002885, 86, 'Durazno 1L laive', 5.7, 5.7, 0, 0, 0, 6, 3, 0, '2022-09-30 05:33:25', '2022-09-30'),
(372, 7755139002886, 86, 'Fresa 1L Laive', 5.7, 5.7, 0, 0, 0, 6, 3, 0, '2022-09-30 05:33:25', '2022-09-30'),
(373, 7755139002887, 82, 'A1 Filete Ligth', 6.08, 5.8, 0, 0, -0.28, 6, 3, 0, '2022-09-30 05:33:25', '2022-09-30'),
(374, 7755139002888, 86, 'Lúcuma 1L Gloria', 5.9, 5.9, 0, 0, 0, 6, 3, 0, '2022-09-30 05:33:25', '2022-09-30'),
(375, 7755139002889, 86, 'Fresa 1L Gloria', 5.9, 5.9, 0, 0, 0, 6, 3, 0, '2022-09-30 05:33:25', '2022-09-30'),
(376, 7755139002890, 86, 'Milkito fresa 1L', 5.9, 5.9, 0, 0, 0, 3, 1, 0, '2022-09-30 05:33:25', '2022-09-30'),
(377, 7755139002891, 86, 'Gloria Durazno 1L', 5.9, 5.9, 0, 0, 0, 6, 3, 0, '2022-09-30 05:33:25', '2022-09-30'),
(378, 7755139002892, 82, 'Filete de atún Campomar', 5.08, 5.9, 0, 0, 0.82, 6, 3, 0, '2022-09-30 05:33:25', '2022-09-30'),
(379, 7755139002893, 82, 'Florida Filete Ligth', 5.63, 6, 0, 0, 0.37, 6, 3, 0, '2022-09-30 05:33:25', '2022-09-30'),
(380, 7755139002894, 82, 'Filete de atún Florida ', 5.4, 6, 0, 0, 0.6, 12, 5, 0, '2022-09-30 05:33:25', '2022-09-30'),
(381, 7755139002895, 88, 'Inca Kola 1.5L', 5.9, 6.5, 0, 0, 0.6, 6, 3, 0, '2022-09-30 05:33:25', '2022-09-30'),
(382, 7755139002896, 88, 'Coca Cola 1.5L', 5.9, 6.5, 0, 0, 0.6, 6, 3, 0, '2022-09-30 05:33:26', '2022-09-30'),
(383, 7755139002897, 92, 'Red Bull 250ml', 5.33, 6.9, 0, 0, 1.57, 6, 3, 0, '2022-09-30 05:33:26', '2022-09-30'),
(384, 7755139002898, 88, 'Sprite 3L', 7.49, 7.5, 0, 0, 0.01, 4, 2, 0, '2022-09-30 05:33:26', '2022-09-30'),
(385, 7755139002899, 88, 'Pepsi 3L', 8, 8, 0, 0, 0, 4, 2, 0, '2022-09-30 05:33:26', '2022-09-30'),
(386, 7755139002900, 89, 'Laive 200gr', 8.9, 8.8, 0, 0, -0.1, 6, 3, 0, '2022-09-30 05:33:26', '2022-09-30'),
(387, 7755139002901, 89, 'Gloria Pote con sal', 9.19, 9.2, 0, 0, 0.01, 3, 2, 0, '2022-09-30 05:33:26', '2022-09-30'),
(388, 7755139002902, 87, 'Deleite 1L', 9.8, 9.5, 0, 0, -0.3, 2, 2, 2, '2022-10-02 03:45:19', '2022-09-30'),
(389, 7755139002903, 87, 'Sao 1L', 12.1, 12.1, 0, 0, 0, 2, 1, 1, '2022-10-01 12:18:12', '2022-09-30'),
(390, 7755139002904, 87, 'Cocinero 1L', 12.4, 12.4, 0, 0, 0, 1, 1, 2, '2022-10-02 03:45:04', '2022-09-30');

-- --------------------------------------------------------

--
-- Estructura de tabla para la tabla `provincias`
--

CREATE TABLE `provincias` (
  `id_departamento` int(2) NOT NULL,
  `id_region` int(2) NOT NULL,
  `id_provincia` int(3) NOT NULL,
  `provincia` text NOT NULL COMMENT 'nombre de provincia'
) ENGINE=InnoDB DEFAULT CHARSET=utf8;

--
-- Volcado de datos para la tabla `provincias`
--

INSERT INTO `provincias` (`id_departamento`, `id_region`, `id_provincia`, `provincia`) VALUES
(3, 3, 26, 'ABANCAY'),
(4, 4, 35, 'AREQUIPA'),
(5, 5, 43, 'HUAMANGA'),
(6, 6, 54, 'CAJAMARCA'),
(7, 7, 67, 'CALLAO'),
(8, 8, 68, 'CUSCO'),
(9, 9, 81, 'HUANCAVELICA'),
(10, 10, 88, 'HUANUCO'),
(11, 11, 99, 'ICA'),
(12, 12, 104, 'HUANCAYO'),
(13, 13, 113, 'TRUJILLO'),
(14, 14, 125, 'CHICLAYO'),
(15, 15, 128, 'LIMA'),
(16, 17, 138, 'MAYNAS'),
(17, 18, 146, 'TAMBOPATA'),
(18, 19, 149, 'MARISCAL NIETO'),
(19, 20, 152, 'PASCO'),
(20, 21, 155, 'PIURA'),
(21, 22, 163, 'PUNO'),
(22, 23, 176, 'MOYOBAMBA'),
(23, 24, 186, 'TACNA'),
(24, 25, 190, 'CONTRALMIRANTE VILLAR'),
(25, 26, 193, 'CORONEL PORTILLO');

-- --------------------------------------------------------

--
-- Estructura de tabla para la tabla `region`
--

CREATE TABLE `region` (
  `id_departamento` int(2) NOT NULL,
  `id_region` int(2) NOT NULL,
  `region` text NOT NULL COMMENT 'nombre de provincia'
) ENGINE=InnoDB DEFAULT CHARSET=utf8;

--
-- Volcado de datos para la tabla `region`
--

INSERT INTO `region` (`id_departamento`, `id_region`, `region`) VALUES
(1, 1, 'AMAZONAS'),
(2, 2, 'ANCASH'),
(3, 3, 'APURIMAC'),
(4, 4, 'AREQUIPA'),
(5, 5, 'AYACUCHO'),
(6, 6, 'CAJAMARCA'),
(7, 7, 'CALLAO'),
(8, 8, 'CUSCO'),
(9, 9, 'HUANCAVELICA'),
(10, 10, 'HUANUCO'),
(11, 11, 'ICA'),
(12, 12, 'JUNIN'),
(13, 13, 'LA LIBERTAD'),
(14, 14, 'LAMBAYEQUE'),
(15, 15, 'LIMA PROVINCIA'),
(15, 16, 'LIMA REGION'),
(16, 17, 'LORETO'),
(17, 18, 'MADRE DE DIOS'),
(18, 19, 'MOQUEGUA'),
(19, 20, 'PASCO'),
(20, 21, 'PIURA'),
(21, 22, 'PUNO'),
(22, 23, 'SAN MARTIN'),
(23, 24, 'TACNA'),
(24, 25, 'TUMBES'),
(25, 26, 'UCAYALI');

-- --------------------------------------------------------

--
-- Estructura de tabla para la tabla `tab_vt_distritales`
--

CREATE TABLE `tab_vt_distritales` (
  `id` int(11) NOT NULL,
  `ubigeo` float NOT NULL,
  `mesa_sufragio` int(10) NOT NULL,
  `codigo_agrupacion` float NOT NULL,
  `vt_dist` float NOT NULL
) ENGINE=InnoDB DEFAULT CHARSET=utf8;

--
-- Volcado de datos para la tabla `tab_vt_distritales`
--

INSERT INTO `tab_vt_distritales` (`id`, `ubigeo`, `mesa_sufragio`, `codigo_agrupacion`, `vt_dist`) VALUES
(207, 140903, 45454, 18, 500),
(208, 140903, 45454, 8, 480),
(209, 140903, 45454, 9, 470),
(210, 140903, 45454, 13, 460),
(211, 140903, 45454, 1, 450),
(212, 140903, 45454, 6, 451),
(213, 140903, 45454, 14, 440),
(214, 140903, 45454, 4, 230),
(223, 140902, 43, 7, 3),
(224, 140902, 43, 17, 4324),
(230, 140902, 43, 12, 324),
(232, 140902, 43, 3, 324),
(233, 140902, 43, 16, 23),
(235, 140902, 43, 10, 33),
(236, 140902, 43, 5, 234);

-- --------------------------------------------------------

--
-- Estructura de tabla para la tabla `tab_vt_distrital_acta`
--

CREATE TABLE `tab_vt_distrital_acta` (
  `id` int(11) NOT NULL,
  `ubigeo` float NOT NULL,
  `mesa_sufragio` int(10) NOT NULL,
  `total_reniec_habiles` float NOT NULL,
  `detalle_vt_dist` varchar(100) NOT NULL,
  `ruta_acta` varchar(255) NOT NULL DEFAULT '',
  `vt_blanco_dist` float NOT NULL,
  `vt_nulo_dist` float NOT NULL,
  `vt_impugnado_dist` float NOT NULL,
  `total_vt_emitidos_dist` float NOT NULL
) ENGINE=InnoDB DEFAULT CHARSET=utf8;

--
-- Volcado de datos para la tabla `tab_vt_distrital_acta`
--

INSERT INTO `tab_vt_distrital_acta` (`id`, `ubigeo`, `mesa_sufragio`, `total_reniec_habiles`, `detalle_vt_dist`, `ruta_acta`, `vt_blanco_dist`, `vt_nulo_dist`, `vt_impugnado_dist`, `total_vt_emitidos_dist`) VALUES
(1, 140902, 71140600, 4000, '60,100,120,140,70,10,30,40,130,80,50,90,110,20,', '', 150, 160, 170, 180),
(2, 140902, 23, 23232, '213,213,12,312,213,23,232,213,123,123,323,123,3123,23,', '', 1312, 2132, 213, 123),
(3, 140902, 342, 4324, '23432,4,324,234,324,32,432,43232432,324,4234,324,234,32423,432,', '', 234, 24, 43, 23432),
(4, 140902, 123213, 23, '42,21,4,43,4123,312,31,4134,43,124,24,234,4443,34234,', '', 34, 214334, 3434, 124),
(5, 140902, 31, 23123, '213,12321,321,123,213,213,213,123,123,213,213,123,321,213,', '', 123, 123, 123, 123),
(6, 140902, 232, 32132, '1323,32,1323,13,321,132,321,3213,1232,321,2132,12312,123,13,', '', 32, 1312, 2132, 123),
(7, 140902, 4, 23423, '23432,324,4324,234,43,432,43243,243,23432,324,24,324,3243,423,', '', 324, 4234, 2432, 432),
(8, 140902, 41224, 2412, '124,2142,214,214,424,14214,42,12421,124,2412,21,124,24,142,', '', 134, 24, 24, 214),
(9, 140902, 1324, 3323, '6,10,12,14,7,1,3,4,13,8,5,9,11,2,', '', 15, 16, 17, 10),
(10, 140902, 2323, 3, '2,1,3,43,26,2,2,4,4,23,25,2,1,3,', '', 3, 3, 1, 1),
(11, 140902, 1, 2, '1,1,5,33,1,3,1,1,2,2,1,2,3,4,', '', 6, 5, 4, 1),
(12, 140902, 12, 342, '23,3,4,2,2,43,2,3,3,4,23,2,2,123,', '', 1, 23, 1, 3),
(13, 140902, 231, 23, '53,235,235,112,3,32,42,354,23,5,53,35,325,12,', '', 35, 35, 53, 123),
(14, 140903, 12, 323, '5,8,6,2,3,4,7,1,', '', 9, 10, 11, 12),
(15, 140903, 12, 424, '4,1,8,51,22,1,2,44,', '', 8, 27, 82, 7),
(16, 140903, 7575, 58775, '5,12,7,55,11,44,45,45,', '', 17, 75, 75, 757),
(17, 140903, 45454, 45454, '450,230,451,480,470,460,440,500,', '', 12, 12, 12, 21),
(18, 140903, 1233, 123123, '3213,321,321,213,213,213,321,213,', '', 312, 231, 3, 1231),
(19, 140902, 43, 43, '234,324,24,234,324,3,345,23,33,324,324,23,23,4324,', '', 4324, 423, 32, 23),
(20, 140902, 3, 21, '132,321,321,32,12,21,312,21312,312,123,312,3213,321,3123,', '', 1232, 213, 123, 123);

-- --------------------------------------------------------

--
-- Estructura de tabla para la tabla `tab_vt_provincial_acta`
--

CREATE TABLE `tab_vt_provincial_acta` (
  `id` int(11) NOT NULL,
  `ubigeo` float NOT NULL,
  `mesa_sufragio` int(10) NOT NULL,
  `total_reniec_habiles` float NOT NULL,
  `detalle_vt_prov` varchar(100) NOT NULL,
  `vt_blanco_prov` float NOT NULL,
  `vt_nulo_porv` float NOT NULL,
  `vt_impugnado_porv` float NOT NULL,
  `total_vt_emitidos_porv` float NOT NULL
) ENGINE=InnoDB DEFAULT CHARSET=utf8;

--
-- Volcado de datos para la tabla `tab_vt_provincial_acta`
--

INSERT INTO `tab_vt_provincial_acta` (`id`, `ubigeo`, `mesa_sufragio`, `total_reniec_habiles`, `detalle_vt_prov`, `vt_blanco_prov`, `vt_nulo_porv`, `vt_impugnado_porv`, `total_vt_emitidos_porv`) VALUES
(1, 140902, 71140600, 200, '50,90,110,60,10,40,100,70,80,20,30,', 120, 130, 140, 150),
(2, 140902, 4214, 4312, '4,213,213,423,421431,414,123,124,3213,412,123,', 123, 213, 123, 213),
(3, 140902, 21312, 31232, '3434,321,3123,12,3434,231,321,312,211,13,213,', 123, 12, 2, 21),
(4, 140902, 23, 12312, '43,123,23,413,12321,21,2,42,1421,312,3123,', 21, 213, 1, 213),
(5, 140902, 43, 433, '324,43,234,3243,4,4,343,46,5,43,423,', 34, 34, 24, 3367),
(6, 140902, 0, 0, '0,0,0,0,0,0,0,0,0,0,0,', 0, 0, 0, 0),
(7, 140902, 0, 0, '0,0,0,0,0,0,0,0,0,0,0,', 0, 0, 0, 0),
(8, 140902, 0, 0, '0,0,0,0,0,0,0,0,0,0,0,', 0, 0, 0, 0),
(9, 140902, 0, 0, '0,0,0,0,0,0,0,0,0,0,0,', 0, 0, 0, 0),
(10, 140902, 0, 0, '0,0,0,0,0,0,0,0,0,0,0,', 0, 0, 0, 0),
(11, 140902, 0, 0, '0,0,0,0,0,0,0,0,0,0,0,', 0, 0, 0, 0),
(12, 140902, 0, 0, '0,0,0,0,0,0,0,0,0,0,0,', 0, 0, 0, 0),
(13, 140902, 0, 0, '0,0,0,0,0,0,0,0,0,0,0,', 0, 0, 0, 0),
(14, 140902, 0, 0, '0,0,0,0,0,0,0,0,0,0,0,', 0, 0, 0, 0),
(15, 140902, 0, 0, '0,0,0,0,0,0,0,0,0,0,0,', 0, 0, 0, 0),
(16, 140902, 0, 0, '0,0,0,0,0,0,0,0,0,0,0,', 0, 0, 0, 0),
(17, 140902, 0, 0, '0,0,0,0,0,0,0,0,0,0,0,', 0, 0, 0, 0),
(18, 140902, 0, 0, '0,0,0,0,0,0,0,0,0,0,0,', 0, 0, 0, 0),
(19, 140902, 0, 0, '0,0,0,0,0,0,0,0,0,0,0,', 0, 0, 0, 0),
(20, 140902, 0, 0, '0,0,0,0,0,0,0,0,0,0,0,', 0, 0, 0, 0),
(21, 140902, 0, 0, '0,0,0,0,0,0,0,0,0,0,0,', 0, 0, 0, 0),
(22, 140902, 0, 0, '0,0,0,0,0,0,0,0,0,0,0,', 0, 0, 0, 0),
(23, 140902, 0, 0, '0,0,0,0,0,0,0,0,0,0,0,', 0, 0, 0, 0),
(24, 140902, 0, 0, '0,0,0,0,0,0,0,0,0,0,0,', 0, 0, 0, 0),
(25, 140902, 0, 0, '0,0,0,0,0,0,0,0,0,0,0,', 0, 0, 0, 0),
(26, 140902, 0, 0, '0,0,0,0,0,0,0,0,0,0,0,', 0, 0, 0, 0),
(27, 140902, 0, 0, '0,0,0,0,0,0,0,0,0,0,0,', 0, 0, 0, 0),
(28, 140902, 0, 0, '0,0,0,0,0,0,0,0,0,0,0,', 0, 0, 0, 0),
(29, 140902, 0, 0, '0,0,0,0,0,0,0,0,0,0,0,', 0, 0, 0, 0),
(30, 140902, 0, 0, '0,0,0,0,0,0,0,0,0,0,0,', 0, 0, 0, 0),
(31, 140902, 0, 0, '0,0,0,0,0,0,0,0,0,0,0,', 0, 0, 0, 0),
(32, 140902, 0, 0, '0,0,0,0,0,0,0,0,0,0,0,', 0, 0, 0, 0),
(33, 140902, 0, 0, '0,0,0,0,0,0,0,0,0,0,0,', 0, 0, 0, 0),
(34, 140902, 0, 0, '0,0,0,0,0,0,0,0,0,0,0,', 0, 0, 0, 0),
(35, 140902, 0, 0, '0,0,0,0,0,0,0,0,0,0,0,', 0, 0, 0, 0),
(36, 140902, 0, 0, '0,0,0,0,0,0,0,0,0,0,0,', 0, 0, 0, 0),
(37, 140902, 0, 0, '0,0,0,0,0,0,0,0,0,0,0,', 0, 0, 0, 0),
(38, 140902, 0, 0, '0,0,0,0,0,0,0,0,0,0,0,', 0, 0, 0, 0),
(39, 140902, 0, 0, '0,0,0,0,0,0,0,0,0,0,0,', 0, 0, 0, 0),
(40, 140902, 0, 0, '0,0,0,0,0,0,0,0,0,0,0,', 0, 0, 0, 0),
(41, 140902, 0, 0, '0,0,0,0,0,0,0,0,0,0,0,', 0, 0, 0, 0),
(42, 140902, 0, 0, '0,0,0,0,0,0,0,0,0,0,0,', 0, 0, 0, 0),
(43, 140902, 0, 0, '0,0,0,0,0,0,0,0,0,0,0,', 0, 0, 0, 0),
(44, 140902, 0, 0, '0,0,0,0,0,0,0,0,0,0,0,', 0, 0, 0, 0),
(45, 140902, 0, 0, '0,0,0,0,0,0,0,0,0,0,0,', 0, 0, 0, 0),
(46, 140902, 0, 0, '0,0,0,0,0,0,0,0,0,0,0,', 0, 0, 0, 0),
(47, 140902, 0, 0, '0,0,0,0,0,0,0,0,0,0,0,', 0, 0, 0, 0),
(48, 140902, 0, 0, '0,0,0,0,0,0,0,0,0,0,0,', 0, 0, 0, 0),
(49, 140902, 0, 0, '0,0,0,0,0,0,0,0,0,0,0,', 0, 0, 0, 0),
(50, 140902, 0, 0, '0,0,0,0,0,0,0,0,0,0,0,', 0, 0, 0, 0),
(51, 140902, 0, 0, '0,0,0,0,0,0,0,0,0,0,0,', 0, 0, 0, 0),
(52, 140902, 0, 0, '0,0,0,0,0,0,0,0,0,0,0,', 0, 0, 0, 0),
(53, 140902, 0, 0, '0,0,0,0,0,0,0,0,0,0,0,', 0, 0, 0, 0),
(54, 140902, 0, 0, '0,0,0,0,0,0,0,0,0,0,0,', 0, 0, 0, 0),
(55, 140902, 0, 0, '0,0,0,0,0,0,0,0,0,0,0,', 0, 0, 0, 0),
(56, 140902, 0, 0, '0,0,0,0,0,0,0,0,0,0,0,', 0, 0, 0, 0),
(57, 140902, 0, 0, '0,0,0,0,0,0,0,0,0,0,0,', 0, 0, 0, 0),
(58, 140902, 0, 0, '0,0,0,0,0,0,0,0,0,0,0,', 0, 0, 0, 0),
(59, 140902, 0, 0, '0,0,0,0,0,0,0,0,0,0,0,', 0, 0, 0, 0),
(60, 140902, 0, 0, '0,0,0,0,0,0,0,0,0,0,0,', 0, 0, 0, 0),
(61, 140902, 0, 0, '0,0,0,0,0,0,0,0,0,0,0,', 0, 0, 0, 0),
(62, 140902, 0, 0, '0,0,0,0,0,0,0,0,0,0,0,', 0, 0, 0, 0),
(63, 140902, 0, 0, '0,0,0,0,0,0,0,0,0,0,0,', 0, 0, 0, 0),
(64, 140902, 0, 0, '0,0,0,0,0,0,0,0,0,0,0,', 0, 0, 0, 0),
(65, 140902, 0, 0, '0,0,0,0,0,0,0,0,0,0,0,', 0, 0, 0, 0),
(66, 140902, 0, 0, '0,0,0,0,0,0,0,0,0,0,0,', 0, 0, 0, 0),
(67, 140902, 0, 0, '0,0,0,0,0,0,0,0,0,0,0,', 0, 0, 0, 0),
(68, 140902, 0, 0, '0,0,0,0,0,0,0,0,0,0,0,', 0, 0, 0, 0),
(69, 140902, 0, 0, '0,0,0,0,0,0,0,0,0,0,0,', 0, 0, 0, 0),
(70, 140902, 0, 0, '0,0,0,0,0,0,0,0,0,0,0,', 0, 0, 0, 0),
(71, 140902, 0, 0, '0,0,0,0,0,0,0,0,0,0,0,', 0, 0, 0, 0),
(72, 140902, 0, 0, '0,0,0,0,0,0,0,0,0,0,0,', 0, 0, 0, 0),
(73, 140902, 0, 0, '0,0,0,0,0,0,0,0,0,0,0,', 0, 0, 0, 0),
(74, 140902, 0, 0, '0,0,0,0,0,0,0,0,0,0,0,', 0, 0, 0, 0),
(75, 140902, 0, 0, '0,0,0,0,0,0,0,0,0,0,0,', 0, 0, 0, 0),
(76, 140902, 0, 0, '0,0,0,0,0,0,0,0,0,0,0,', 0, 0, 0, 0),
(77, 140902, 0, 0, '0,0,0,0,0,0,0,0,0,0,0,', 0, 0, 0, 0),
(78, 140902, 0, 0, '0,0,0,0,0,0,0,0,0,0,0,', 0, 0, 0, 0),
(79, 140902, 0, 0, '0,0,0,0,0,0,0,0,0,0,0,', 0, 0, 0, 0),
(80, 140902, 0, 0, '0,0,0,0,0,0,00,0,0,0,0,', 0, 0, 0, 0),
(81, 140902, 0, 0, '0,0,0,0,0,0,0,0,0,0,0,', 0, 0, 0, 0),
(82, 140902, 0, 0, '0,0,00,0,0,0,0,0,0,0,0,', 0, 0, 0, 0),
(83, 140902, 0, 0, '0,0,0,0,0,0,0,0,0,0,0,', 0, 0, 0, 0),
(84, 140902, 0, 0, '0,0,0,0,0,0,0,0,0,0,0,', 0, 0, 0, 0),
(85, 140902, 0, 0, '0,0,0,0,0,0,0,0,0,0,0,', 0, 0, 0, 0),
(86, 140902, 0, 0, '0,0,0,0,0,0,0,0,0,0,0,', 0, 0, 0, 0),
(87, 140902, 0, 0, '0,0,0,0,0,0,0,0,0,0,0,', 0, 0, 0, 0),
(88, 140902, 0, 0, '0,0,0,0,0,0,0,0,0,0,0,', 0, 0, 0, 0),
(89, 140902, 0, 0, '0,0,0,0,0,0,0,0,0,0,0,', 0, 0, 0, 0),
(90, 140902, 0, 0, '0,0,0,0,0,0,0,0,0,0,0,', 0, 0, 0, 0),
(91, 140902, 0, 0, '0,0,0,0,0,0,0,0,0,0,0,', 0, 0, 0, 0),
(92, 140902, 0, 0, '0,0,0,0,0,0,0,0,0,0,0,', 0, 0, 0, 0),
(93, 140902, 0, 0, '0,0,0,0,0,0,0,0,0,0,0,', 0, 0, 0, 0),
(94, 140902, 0, 0, '0,0,0,0,0,0,0,0,0,0,0,', 0, 0, 0, 0),
(95, 140902, 0, 0, '0,0,0,0,0,0,0,0,0,0,0,', 0, 0, 0, 0),
(96, 140902, 0, 0, '0,0,0,0,0,0,0,0,0,0,0,', 0, 0, 0, 0),
(97, 140902, 0, 0, '0,0,0,0,0,0,0,0,0,0,0,', 0, 0, 0, 0),
(98, 140902, 0, 0, '0,0,0,0,0,0,0,0,0,0,0,', 0, 0, 0, 0),
(99, 140902, 0, 0, '0,0,0,0,0,0,0,0,0,0,0,', 0, 0, 0, 0),
(100, 140902, 0, 0, '0,0,0,0,0,0,0,0,0,0,0,', 0, 0, 0, 0),
(101, 140902, 1, 0, '0,0,0,0,0,0,0,0,0,0,0,', 0, 0, 0, 0),
(102, 140902, 1, 0, '0,0,0,0,0,0,0,0,0,0,0,', 0, 0, 0, 0),
(103, 140902, 1, 0, '0,0,0,0,0,0,0,0,0,0,0,', 0, 0, 0, 0),
(104, 140902, 1, 0, '0,0,0,0,0,0,0,0,0,0,0,', 0, 0, 0, 0),
(105, 140902, 0, 0, '0,0,0,0,0,0,0,0,0,0,0,', 0, 0, 0, 0),
(106, 140902, 0, 0, '0,0,0,0,0,0,0,0,0,0,0,', 0, 0, 0, 0),
(107, 140902, 0, 0, '0,0,0,0,0,0,0,0,0,0,0,', 0, 0, 0, 0),
(108, 140902, 0, 0, '0,0,0,0,0,0,0,0,0,0,0,', 0, 0, 0, 0),
(109, 140902, 0, 0, '0,0,0,0,0,0,0,0,0,0,0,', 0, 0, 0, 0),
(110, 140902, 0, 0, '0,0,0,0,0,0,0,0,0,0,0,', 0, 0, 0, 0),
(111, 140902, 0, 0, '0,0,0,0,0,0,0,0,0,0,0,', 0, 0, 0, 0),
(112, 140902, 0, 0, '0,0,0,0,0,0,0,0,0,0,0,', 0, 0, 0, 0),
(113, 140902, 0, 0, '0,0,0,0,0,0,0,0,0,0,0,', 0, 0, 0, 0),
(114, 140902, 0, 0, '0,0,0,0,0,0,0,0,0,0,0,', 0, 0, 0, 0),
(115, 140902, 0, 0, '0,0,00,0,0,0,0,0,0,0,0,', 0, 0, 0, 0),
(116, 140902, 0, 0, '0,0,00,0,0,0,0,0,0,0,0,', 0, 0, 0, 0),
(117, 140902, 0, 0, '0,0,00,0,0,0,0,0,0,0,0,', 0, 0, 0, 0),
(118, 140902, 0, 0, '0,0,0,0,0,0,0,0,0,0,0,', 0, 0, 0, 0),
(119, 140902, 0, 0, '0,0,0,0,0,0,0,0,0,0,0,', 0, 0, 0, 0),
(120, 140902, 0, 0, '0,0,0,0,0,0,0,0,0,0,0,', 0, 0, 0, 0),
(121, 140902, 0, 0, '0,0,0,0,0,0,0,0,0,0,0,', 0, 0, 0, 0),
(122, 140902, 0, 0, '0,0,0,0,0,,0,0,0,0,0,', 0, 0, 0, 0),
(123, 140902, 0, 0, '0,0,0,0,0,0,0,0,0,0,0,', 0, 0, 0, 0),
(124, 140902, 0, 0, '0,0,0,0,0,0,0,0,0,0,0,', 0, 0, 0, 0),
(125, 140902, 0, 0, '0,0,0,0,0,0,0,0,0,0,0,', 0, 0, 0, 0),
(126, 140902, 401, 10, '14,1,1,15,10,13,1,1,1,11,12,', 24, 5, 1, 82),
(127, 140902, 401, 10, '14,1,1,15,10,13,1,1,1,11,12,', 24, 5, 1, 82),
(128, 0, 323, 2323, '1,4,1,314,2,1,3,13,3,2,1,', 4, 5, 2, 3),
(129, 140902, 4574, 75757, '5,9,10,6,1,4,0,7,8,2,3,', 11, 24, 4, 41),
(130, 140902, 4574, 75757, '5,9,10,6,1,4,0,7,8,2,3,', 11, 24, 4, 41);

-- --------------------------------------------------------

--
-- Estructura de tabla para la tabla `tab_vt_provincial_xdistritos`
--

CREATE TABLE `tab_vt_provincial_xdistritos` (
  `id` int(11) NOT NULL,
  `ubigeo` float NOT NULL,
  `mesa_sufragio` int(10) NOT NULL,
  `codigo_agrupacion` float NOT NULL,
  `vt_prov` float NOT NULL
) ENGINE=InnoDB DEFAULT CHARSET=utf8;

--
-- Volcado de datos para la tabla `tab_vt_provincial_xdistritos`
--

INSERT INTO `tab_vt_provincial_xdistritos` (`id`, `ubigeo`, `mesa_sufragio`, `codigo_agrupacion`, `vt_prov`) VALUES
(1, 140902, 71140600, 7, 10),
(2, 140902, 71140600, 17, 20),
(3, 140902, 71140600, 18, 30),
(4, 140902, 71140600, 8, 40),
(5, 140902, 71140600, 1, 50),
(6, 140902, 71140600, 6, 60),
(7, 140902, 71140600, 12, 70),
(8, 140902, 71140600, 14, 80),
(9, 140902, 71140600, 4, 90),
(10, 140902, 71140600, 10, 100),
(11, 140902, 71140600, 5, 110),
(12, 140902, 4214, 7, 421431),
(13, 140902, 4214, 17, 412),
(14, 140902, 4214, 18, 123),
(15, 140902, 4214, 8, 414),
(16, 140902, 4214, 1, 4),
(17, 140902, 4214, 6, 423),
(18, 140902, 4214, 12, 124),
(19, 140902, 4214, 14, 3213),
(20, 140902, 4214, 4, 213),
(21, 140902, 4214, 10, 123),
(22, 140902, 4214, 5, 213),
(23, 140902, 21312, 7, 3434),
(24, 140902, 21312, 17, 13),
(25, 140902, 21312, 18, 213),
(26, 140902, 21312, 8, 231),
(27, 140902, 21312, 1, 3434),
(28, 140902, 21312, 6, 12),
(29, 140902, 21312, 12, 312),
(30, 140902, 21312, 14, 211),
(31, 140902, 21312, 4, 321),
(32, 140902, 21312, 10, 321),
(33, 140902, 21312, 5, 3123),
(34, 140902, 23, 7, 12321),
(35, 140902, 23, 17, 312),
(36, 140902, 23, 18, 3123),
(37, 140902, 23, 8, 21),
(38, 140902, 23, 1, 43),
(39, 140902, 23, 6, 413),
(40, 140902, 23, 12, 42),
(41, 140902, 23, 14, 1421),
(42, 140902, 23, 4, 123),
(43, 140902, 23, 10, 2),
(44, 140902, 23, 5, 23),
(45, 140902, 43, 7, 4),
(46, 140902, 43, 17, 43),
(47, 140902, 43, 18, 423),
(48, 140902, 43, 8, 4),
(49, 140902, 43, 1, 324),
(50, 140902, 43, 6, 3243),
(51, 140902, 43, 12, 46),
(52, 140902, 43, 14, 5),
(53, 140902, 43, 4, 43),
(54, 140902, 43, 10, 343),
(55, 140902, 43, 5, 234),
(56, 140902, 0, 7, 0),
(57, 140902, 0, 17, 0),
(58, 140902, 0, 18, 0),
(59, 140902, 0, 8, 0),
(60, 140902, 0, 1, 0),
(61, 140902, 0, 6, 0),
(62, 140902, 0, 12, 0),
(63, 140902, 0, 14, 0),
(64, 140902, 0, 4, 0),
(65, 140902, 0, 10, 0),
(66, 140902, 0, 5, 0),
(67, 140902, 0, 7, 0),
(68, 140902, 0, 17, 0),
(69, 140902, 0, 18, 0),
(70, 140902, 0, 8, 0),
(71, 140902, 0, 1, 0),
(72, 140902, 0, 6, 0),
(73, 140902, 0, 12, 0),
(74, 140902, 0, 14, 0),
(75, 140902, 0, 4, 0),
(76, 140902, 0, 10, 0),
(77, 140902, 0, 5, 0),
(78, 140902, 0, 7, 0),
(79, 140902, 0, 17, 0),
(80, 140902, 0, 18, 0),
(81, 140902, 0, 8, 0),
(82, 140902, 0, 1, 0),
(83, 140902, 0, 6, 0),
(84, 140902, 0, 12, 0),
(85, 140902, 0, 14, 0),
(86, 140902, 0, 4, 0),
(87, 140902, 0, 10, 0),
(88, 140902, 0, 5, 0),
(89, 140902, 0, 7, 0),
(90, 140902, 0, 17, 0),
(91, 140902, 0, 18, 0),
(92, 140902, 0, 8, 0),
(93, 140902, 0, 1, 0),
(94, 140902, 0, 6, 0),
(95, 140902, 0, 12, 0),
(96, 140902, 0, 14, 0),
(97, 140902, 0, 4, 0),
(98, 140902, 0, 10, 0),
(99, 140902, 0, 5, 0),
(100, 140902, 0, 7, 0),
(101, 140902, 0, 17, 0),
(102, 140902, 0, 18, 0),
(103, 140902, 0, 8, 0),
(104, 140902, 0, 1, 0),
(105, 140902, 0, 6, 0),
(106, 140902, 0, 12, 0),
(107, 140902, 0, 14, 0),
(108, 140902, 0, 4, 0),
(109, 140902, 0, 10, 0),
(110, 140902, 0, 5, 0),
(111, 140902, 0, 7, 0),
(112, 140902, 0, 17, 0),
(113, 140902, 0, 18, 0),
(114, 140902, 0, 8, 0),
(115, 140902, 0, 1, 0),
(116, 140902, 0, 6, 0),
(117, 140902, 0, 12, 0),
(118, 140902, 0, 14, 0),
(119, 140902, 0, 4, 0),
(120, 140902, 0, 10, 0),
(121, 140902, 0, 5, 0),
(122, 140902, 0, 7, 0),
(123, 140902, 0, 17, 0),
(124, 140902, 0, 18, 0),
(125, 140902, 0, 8, 0),
(126, 140902, 0, 1, 0),
(127, 140902, 0, 6, 0),
(128, 140902, 0, 12, 0),
(129, 140902, 0, 14, 0),
(130, 140902, 0, 4, 0),
(131, 140902, 0, 10, 0),
(132, 140902, 0, 5, 0),
(133, 140902, 0, 7, 0),
(134, 140902, 0, 17, 0),
(135, 140902, 0, 18, 0),
(136, 140902, 0, 8, 0),
(137, 140902, 0, 1, 0),
(138, 140902, 0, 6, 0),
(139, 140902, 0, 12, 0),
(140, 140902, 0, 14, 0),
(141, 140902, 0, 4, 0),
(142, 140902, 0, 10, 0),
(143, 140902, 0, 5, 0),
(144, 140902, 0, 7, 0),
(145, 140902, 0, 17, 0),
(146, 140902, 0, 18, 0),
(147, 140902, 0, 8, 0),
(148, 140902, 0, 1, 0),
(149, 140902, 0, 6, 0),
(150, 140902, 0, 12, 0),
(151, 140902, 0, 14, 0),
(152, 140902, 0, 4, 0),
(153, 140902, 0, 10, 0),
(154, 140902, 0, 5, 0),
(155, 140902, 0, 7, 0),
(156, 140902, 0, 17, 0),
(157, 140902, 0, 18, 0),
(158, 140902, 0, 8, 0),
(159, 140902, 0, 1, 0),
(160, 140902, 0, 6, 0),
(161, 140902, 0, 12, 0),
(162, 140902, 0, 14, 0),
(163, 140902, 0, 4, 0),
(164, 140902, 0, 10, 0),
(165, 140902, 0, 5, 0),
(166, 140902, 0, 7, 0),
(167, 140902, 0, 17, 0),
(168, 140902, 0, 18, 0),
(169, 140902, 0, 8, 0),
(170, 140902, 0, 1, 0),
(171, 140902, 0, 6, 0),
(172, 140902, 0, 12, 0),
(173, 140902, 0, 14, 0),
(174, 140902, 0, 4, 0),
(175, 140902, 0, 10, 0),
(176, 140902, 0, 5, 0),
(177, 140902, 0, 7, 0),
(178, 140902, 0, 17, 0),
(179, 140902, 0, 18, 0),
(180, 140902, 0, 8, 0),
(181, 140902, 0, 1, 0),
(182, 140902, 0, 6, 0),
(183, 140902, 0, 12, 0),
(184, 140902, 0, 14, 0),
(185, 140902, 0, 4, 0),
(186, 140902, 0, 10, 0),
(187, 140902, 0, 5, 0),
(188, 140902, 0, 7, 0),
(189, 140902, 0, 17, 0),
(190, 140902, 0, 18, 0),
(191, 140902, 0, 8, 0),
(192, 140902, 0, 1, 0),
(193, 140902, 0, 6, 0),
(194, 140902, 0, 12, 0),
(195, 140902, 0, 14, 0),
(196, 140902, 0, 4, 0),
(197, 140902, 0, 10, 0),
(198, 140902, 0, 5, 0),
(199, 140902, 0, 7, 0),
(200, 140902, 0, 17, 0),
(201, 140902, 0, 18, 0),
(202, 140902, 0, 8, 0),
(203, 140902, 0, 1, 0),
(204, 140902, 0, 6, 0),
(205, 140902, 0, 12, 0),
(206, 140902, 0, 14, 0),
(207, 140902, 0, 4, 0),
(208, 140902, 0, 10, 0),
(209, 140902, 0, 5, 0),
(210, 140902, 0, 7, 0),
(211, 140902, 0, 17, 0),
(212, 140902, 0, 18, 0),
(213, 140902, 0, 8, 0),
(214, 140902, 0, 1, 0),
(215, 140902, 0, 6, 0),
(216, 140902, 0, 12, 0),
(217, 140902, 0, 14, 0),
(218, 140902, 0, 4, 0),
(219, 140902, 0, 10, 0),
(220, 140902, 0, 5, 0),
(221, 140902, 0, 7, 0),
(222, 140902, 0, 17, 0),
(223, 140902, 0, 18, 0),
(224, 140902, 0, 8, 0),
(225, 140902, 0, 1, 0),
(226, 140902, 0, 6, 0),
(227, 140902, 0, 12, 0),
(228, 140902, 0, 14, 0),
(229, 140902, 0, 4, 0),
(230, 140902, 0, 10, 0),
(231, 140902, 0, 5, 0),
(232, 140902, 0, 7, 0),
(233, 140902, 0, 17, 0),
(234, 140902, 0, 18, 0),
(235, 140902, 0, 8, 0),
(236, 140902, 0, 1, 0),
(237, 140902, 0, 6, 0),
(238, 140902, 0, 12, 0),
(239, 140902, 0, 14, 0),
(240, 140902, 0, 4, 0),
(241, 140902, 0, 10, 0),
(242, 140902, 0, 5, 0),
(243, 140902, 0, 7, 0),
(244, 140902, 0, 17, 0),
(245, 140902, 0, 18, 0),
(246, 140902, 0, 8, 0),
(247, 140902, 0, 1, 0),
(248, 140902, 0, 6, 0),
(249, 140902, 0, 12, 0),
(250, 140902, 0, 14, 0),
(251, 140902, 0, 4, 0),
(252, 140902, 0, 10, 0),
(253, 140902, 0, 5, 0),
(254, 140902, 0, 7, 0),
(255, 140902, 0, 17, 0),
(256, 140902, 0, 18, 0),
(257, 140902, 0, 8, 0),
(258, 140902, 0, 1, 0),
(259, 140902, 0, 6, 0),
(260, 140902, 0, 12, 0),
(261, 140902, 0, 14, 0),
(262, 140902, 0, 4, 0),
(263, 140902, 0, 10, 0),
(264, 140902, 0, 5, 0),
(265, 140902, 0, 7, 0),
(266, 140902, 0, 17, 0),
(267, 140902, 0, 18, 0),
(268, 140902, 0, 8, 0),
(269, 140902, 0, 1, 0),
(270, 140902, 0, 6, 0),
(271, 140902, 0, 12, 0),
(272, 140902, 0, 14, 0),
(273, 140902, 0, 4, 0),
(274, 140902, 0, 10, 0),
(275, 140902, 0, 5, 0),
(276, 140902, 0, 7, 0),
(277, 140902, 0, 17, 0),
(278, 140902, 0, 18, 0),
(279, 140902, 0, 8, 0),
(280, 140902, 0, 1, 0),
(281, 140902, 0, 6, 0),
(282, 140902, 0, 12, 0),
(283, 140902, 0, 14, 0),
(284, 140902, 0, 4, 0),
(285, 140902, 0, 10, 0),
(286, 140902, 0, 5, 0),
(287, 140902, 0, 7, 0),
(288, 140902, 0, 17, 0),
(289, 140902, 0, 18, 0),
(290, 140902, 0, 8, 0),
(291, 140902, 0, 1, 0),
(292, 140902, 0, 6, 0),
(293, 140902, 0, 12, 0),
(294, 140902, 0, 14, 0),
(295, 140902, 0, 4, 0),
(296, 140902, 0, 10, 0),
(297, 140902, 0, 5, 0),
(298, 140902, 0, 7, 0),
(299, 140902, 0, 17, 0),
(300, 140902, 0, 18, 0),
(301, 140902, 0, 8, 0),
(302, 140902, 0, 1, 0),
(303, 140902, 0, 6, 0),
(304, 140902, 0, 12, 0),
(305, 140902, 0, 14, 0),
(306, 140902, 0, 4, 0),
(307, 140902, 0, 10, 0),
(308, 140902, 0, 5, 0),
(309, 140902, 0, 7, 0),
(310, 140902, 0, 17, 0),
(311, 140902, 0, 18, 0),
(312, 140902, 0, 8, 0),
(313, 140902, 0, 1, 0),
(314, 140902, 0, 6, 0),
(315, 140902, 0, 12, 0),
(316, 140902, 0, 14, 0),
(317, 140902, 0, 4, 0),
(318, 140902, 0, 10, 0),
(319, 140902, 0, 5, 0),
(320, 140902, 0, 7, 0),
(321, 140902, 0, 17, 0),
(322, 140902, 0, 18, 0),
(323, 140902, 0, 8, 0),
(324, 140902, 0, 1, 0),
(325, 140902, 0, 6, 0),
(326, 140902, 0, 12, 0),
(327, 140902, 0, 14, 0),
(328, 140902, 0, 4, 0),
(329, 140902, 0, 10, 0),
(330, 140902, 0, 5, 0),
(331, 140902, 0, 7, 0),
(332, 140902, 0, 17, 0),
(333, 140902, 0, 18, 0),
(334, 140902, 0, 8, 0),
(335, 140902, 0, 1, 0),
(336, 140902, 0, 6, 0),
(337, 140902, 0, 12, 0),
(338, 140902, 0, 14, 0),
(339, 140902, 0, 4, 0),
(340, 140902, 0, 10, 0),
(341, 140902, 0, 5, 0),
(342, 140902, 0, 7, 0),
(343, 140902, 0, 17, 0),
(344, 140902, 0, 18, 0),
(345, 140902, 0, 8, 0),
(346, 140902, 0, 1, 0),
(347, 140902, 0, 6, 0),
(348, 140902, 0, 12, 0),
(349, 140902, 0, 14, 0),
(350, 140902, 0, 4, 0),
(351, 140902, 0, 10, 0),
(352, 140902, 0, 5, 0),
(353, 140902, 0, 7, 0),
(354, 140902, 0, 17, 0),
(355, 140902, 0, 18, 0),
(356, 140902, 0, 8, 0),
(357, 140902, 0, 1, 0),
(358, 140902, 0, 6, 0),
(359, 140902, 0, 12, 0),
(360, 140902, 0, 14, 0),
(361, 140902, 0, 4, 0),
(362, 140902, 0, 10, 0),
(363, 140902, 0, 5, 0),
(364, 140902, 0, 7, 0),
(365, 140902, 0, 17, 0),
(366, 140902, 0, 18, 0),
(367, 140902, 0, 8, 0),
(368, 140902, 0, 1, 0),
(369, 140902, 0, 6, 0),
(370, 140902, 0, 12, 0),
(371, 140902, 0, 14, 0),
(372, 140902, 0, 4, 0),
(373, 140902, 0, 10, 0),
(374, 140902, 0, 5, 0),
(375, 140902, 0, 7, 0),
(376, 140902, 0, 17, 0),
(377, 140902, 0, 18, 0),
(378, 140902, 0, 8, 0),
(379, 140902, 0, 1, 0),
(380, 140902, 0, 6, 0),
(381, 140902, 0, 12, 0),
(382, 140902, 0, 14, 0),
(383, 140902, 0, 4, 0),
(384, 140902, 0, 10, 0),
(385, 140902, 0, 5, 0),
(386, 140902, 0, 7, 0),
(387, 140902, 0, 17, 0),
(388, 140902, 0, 18, 0),
(389, 140902, 0, 8, 0),
(390, 140902, 0, 1, 0),
(391, 140902, 0, 6, 0),
(392, 140902, 0, 12, 0),
(393, 140902, 0, 14, 0),
(394, 140902, 0, 4, 0),
(395, 140902, 0, 10, 0),
(396, 140902, 0, 5, 0),
(397, 140902, 0, 7, 0),
(398, 140902, 0, 17, 0),
(399, 140902, 0, 18, 0),
(400, 140902, 0, 8, 0),
(401, 140902, 0, 1, 0),
(402, 140902, 0, 6, 0),
(403, 140902, 0, 12, 0),
(404, 140902, 0, 14, 0),
(405, 140902, 0, 4, 0),
(406, 140902, 0, 10, 0),
(407, 140902, 0, 5, 0),
(408, 140902, 0, 7, 0),
(409, 140902, 0, 17, 0),
(410, 140902, 0, 18, 0),
(411, 140902, 0, 8, 0),
(412, 140902, 0, 1, 0),
(413, 140902, 0, 6, 0),
(414, 140902, 0, 12, 0),
(415, 140902, 0, 14, 0),
(416, 140902, 0, 4, 0),
(417, 140902, 0, 10, 0),
(418, 140902, 0, 5, 0),
(419, 140902, 0, 7, 0),
(420, 140902, 0, 17, 0),
(421, 140902, 0, 18, 0),
(422, 140902, 0, 8, 0),
(423, 140902, 0, 1, 0),
(424, 140902, 0, 6, 0),
(425, 140902, 0, 12, 0),
(426, 140902, 0, 14, 0),
(427, 140902, 0, 4, 0),
(428, 140902, 0, 10, 0),
(429, 140902, 0, 5, 0),
(430, 140902, 0, 7, 0),
(431, 140902, 0, 17, 0),
(432, 140902, 0, 18, 0),
(433, 140902, 0, 8, 0),
(434, 140902, 0, 1, 0),
(435, 140902, 0, 6, 0),
(436, 140902, 0, 12, 0),
(437, 140902, 0, 14, 0),
(438, 140902, 0, 4, 0),
(439, 140902, 0, 10, 0),
(440, 140902, 0, 5, 0),
(441, 140902, 0, 7, 0),
(442, 140902, 0, 17, 0),
(443, 140902, 0, 18, 0),
(444, 140902, 0, 8, 0),
(445, 140902, 0, 1, 0),
(446, 140902, 0, 6, 0),
(447, 140902, 0, 12, 0),
(448, 140902, 0, 14, 0),
(449, 140902, 0, 4, 0),
(450, 140902, 0, 10, 0),
(451, 140902, 0, 5, 0),
(452, 140902, 0, 7, 0),
(453, 140902, 0, 17, 0),
(454, 140902, 0, 18, 0),
(455, 140902, 0, 8, 0),
(456, 140902, 0, 1, 0),
(457, 140902, 0, 6, 0),
(458, 140902, 0, 12, 0),
(459, 140902, 0, 14, 0),
(460, 140902, 0, 4, 0),
(461, 140902, 0, 10, 0),
(462, 140902, 0, 5, 0),
(463, 140902, 0, 7, 0),
(464, 140902, 0, 17, 0),
(465, 140902, 0, 18, 0),
(466, 140902, 0, 8, 0),
(467, 140902, 0, 1, 0),
(468, 140902, 0, 6, 0),
(469, 140902, 0, 12, 0),
(470, 140902, 0, 14, 0),
(471, 140902, 0, 4, 0),
(472, 140902, 0, 10, 0),
(473, 140902, 0, 5, 0),
(474, 140902, 0, 7, 0),
(475, 140902, 0, 17, 0),
(476, 140902, 0, 18, 0),
(477, 140902, 0, 8, 0),
(478, 140902, 0, 1, 0),
(479, 140902, 0, 6, 0),
(480, 140902, 0, 12, 0),
(481, 140902, 0, 14, 0),
(482, 140902, 0, 4, 0),
(483, 140902, 0, 10, 0),
(484, 140902, 0, 5, 0),
(485, 140902, 0, 7, 0),
(486, 140902, 0, 17, 0),
(487, 140902, 0, 18, 0),
(488, 140902, 0, 8, 0),
(489, 140902, 0, 1, 0),
(490, 140902, 0, 6, 0),
(491, 140902, 0, 12, 0),
(492, 140902, 0, 14, 0),
(493, 140902, 0, 4, 0),
(494, 140902, 0, 10, 0),
(495, 140902, 0, 5, 0),
(496, 140902, 0, 7, 0),
(497, 140902, 0, 17, 0),
(498, 140902, 0, 18, 0),
(499, 140902, 0, 8, 0),
(500, 140902, 0, 1, 0),
(501, 140902, 0, 6, 0),
(502, 140902, 0, 12, 0),
(503, 140902, 0, 14, 0),
(504, 140902, 0, 4, 0),
(505, 140902, 0, 10, 0),
(506, 140902, 0, 5, 0),
(507, 140902, 0, 7, 0),
(508, 140902, 0, 17, 0),
(509, 140902, 0, 18, 0),
(510, 140902, 0, 8, 0),
(511, 140902, 0, 1, 0),
(512, 140902, 0, 6, 0),
(513, 140902, 0, 12, 0),
(514, 140902, 0, 14, 0),
(515, 140902, 0, 4, 0),
(516, 140902, 0, 10, 0),
(517, 140902, 0, 5, 0),
(518, 140902, 0, 7, 0),
(519, 140902, 0, 17, 0),
(520, 140902, 0, 18, 0),
(521, 140902, 0, 8, 0),
(522, 140902, 0, 1, 0),
(523, 140902, 0, 6, 0),
(524, 140902, 0, 12, 0),
(525, 140902, 0, 14, 0),
(526, 140902, 0, 4, 0),
(527, 140902, 0, 10, 0),
(528, 140902, 0, 5, 0),
(529, 140902, 0, 7, 0),
(530, 140902, 0, 17, 0),
(531, 140902, 0, 18, 0),
(532, 140902, 0, 8, 0),
(533, 140902, 0, 1, 0),
(534, 140902, 0, 6, 0),
(535, 140902, 0, 12, 0),
(536, 140902, 0, 14, 0),
(537, 140902, 0, 4, 0),
(538, 140902, 0, 10, 0),
(539, 140902, 0, 5, 0),
(540, 140902, 0, 7, 0),
(541, 140902, 0, 17, 0),
(542, 140902, 0, 18, 0),
(543, 140902, 0, 8, 0),
(544, 140902, 0, 1, 0),
(545, 140902, 0, 6, 0),
(546, 140902, 0, 12, 0),
(547, 140902, 0, 14, 0),
(548, 140902, 0, 4, 0),
(549, 140902, 0, 10, 0),
(550, 140902, 0, 5, 0),
(551, 140902, 0, 7, 0),
(552, 140902, 0, 17, 0),
(553, 140902, 0, 18, 0),
(554, 140902, 0, 8, 0),
(555, 140902, 0, 1, 0),
(556, 140902, 0, 6, 0),
(557, 140902, 0, 12, 0),
(558, 140902, 0, 14, 0),
(559, 140902, 0, 4, 0),
(560, 140902, 0, 10, 0),
(561, 140902, 0, 5, 0),
(562, 140902, 0, 7, 0),
(563, 140902, 0, 17, 0),
(564, 140902, 0, 18, 0),
(565, 140902, 0, 8, 0),
(566, 140902, 0, 1, 0),
(567, 140902, 0, 6, 0),
(568, 140902, 0, 12, 0),
(569, 140902, 0, 14, 0),
(570, 140902, 0, 4, 0),
(571, 140902, 0, 10, 0),
(572, 140902, 0, 5, 0),
(573, 140902, 0, 7, 0),
(574, 140902, 0, 17, 0),
(575, 140902, 0, 18, 0),
(576, 140902, 0, 8, 0),
(577, 140902, 0, 1, 0),
(578, 140902, 0, 6, 0),
(579, 140902, 0, 12, 0),
(580, 140902, 0, 14, 0),
(581, 140902, 0, 4, 0),
(582, 140902, 0, 10, 0),
(583, 140902, 0, 5, 0),
(584, 140902, 0, 7, 0),
(585, 140902, 0, 17, 0),
(586, 140902, 0, 18, 0),
(587, 140902, 0, 8, 0),
(588, 140902, 0, 1, 0),
(589, 140902, 0, 6, 0),
(590, 140902, 0, 12, 0),
(591, 140902, 0, 14, 0),
(592, 140902, 0, 4, 0),
(593, 140902, 0, 10, 0),
(594, 140902, 0, 5, 0),
(595, 140902, 0, 7, 0),
(596, 140902, 0, 17, 0),
(597, 140902, 0, 18, 0),
(598, 140902, 0, 8, 0),
(599, 140902, 0, 1, 0),
(600, 140902, 0, 6, 0),
(601, 140902, 0, 12, 0),
(602, 140902, 0, 14, 0),
(603, 140902, 0, 4, 0),
(604, 140902, 0, 10, 0),
(605, 140902, 0, 5, 0),
(606, 140902, 0, 7, 0),
(607, 140902, 0, 17, 0),
(608, 140902, 0, 18, 0),
(609, 140902, 0, 8, 0),
(610, 140902, 0, 1, 0),
(611, 140902, 0, 6, 0),
(612, 140902, 0, 12, 0),
(613, 140902, 0, 14, 0),
(614, 140902, 0, 4, 0),
(615, 140902, 0, 10, 0),
(616, 140902, 0, 5, 0),
(617, 140902, 0, 7, 0),
(618, 140902, 0, 17, 0),
(619, 140902, 0, 18, 0),
(620, 140902, 0, 8, 0),
(621, 140902, 0, 1, 0),
(622, 140902, 0, 6, 0),
(623, 140902, 0, 12, 0),
(624, 140902, 0, 14, 0),
(625, 140902, 0, 4, 0),
(626, 140902, 0, 10, 0),
(627, 140902, 0, 5, 0),
(628, 140902, 0, 7, 0),
(629, 140902, 0, 17, 0),
(630, 140902, 0, 18, 0),
(631, 140902, 0, 8, 0),
(632, 140902, 0, 1, 0),
(633, 140902, 0, 6, 0),
(634, 140902, 0, 12, 0),
(635, 140902, 0, 14, 0),
(636, 140902, 0, 4, 0),
(637, 140902, 0, 10, 0),
(638, 140902, 0, 5, 0),
(639, 140902, 0, 7, 0),
(640, 140902, 0, 17, 0),
(641, 140902, 0, 18, 0),
(642, 140902, 0, 8, 0),
(643, 140902, 0, 1, 0),
(644, 140902, 0, 6, 0),
(645, 140902, 0, 12, 0),
(646, 140902, 0, 14, 0),
(647, 140902, 0, 4, 0),
(648, 140902, 0, 10, 0),
(649, 140902, 0, 5, 0),
(650, 140902, 0, 7, 0),
(651, 140902, 0, 17, 0),
(652, 140902, 0, 18, 0),
(653, 140902, 0, 8, 0),
(654, 140902, 0, 1, 0),
(655, 140902, 0, 6, 0),
(656, 140902, 0, 12, 0),
(657, 140902, 0, 14, 0),
(658, 140902, 0, 4, 0),
(659, 140902, 0, 10, 0),
(660, 140902, 0, 5, 0),
(661, 140902, 0, 7, 0),
(662, 140902, 0, 17, 0),
(663, 140902, 0, 18, 0),
(664, 140902, 0, 8, 0),
(665, 140902, 0, 1, 0),
(666, 140902, 0, 6, 0),
(667, 140902, 0, 12, 0),
(668, 140902, 0, 14, 0),
(669, 140902, 0, 4, 0),
(670, 140902, 0, 10, 0),
(671, 140902, 0, 5, 0),
(672, 140902, 0, 7, 0),
(673, 140902, 0, 17, 0),
(674, 140902, 0, 18, 0),
(675, 140902, 0, 8, 0),
(676, 140902, 0, 1, 0),
(677, 140902, 0, 6, 0),
(678, 140902, 0, 12, 0),
(679, 140902, 0, 14, 0),
(680, 140902, 0, 4, 0),
(681, 140902, 0, 10, 0),
(682, 140902, 0, 5, 0),
(683, 140902, 0, 7, 0),
(684, 140902, 0, 17, 0),
(685, 140902, 0, 18, 0),
(686, 140902, 0, 8, 0),
(687, 140902, 0, 1, 0),
(688, 140902, 0, 6, 0),
(689, 140902, 0, 12, 0),
(690, 140902, 0, 14, 0),
(691, 140902, 0, 4, 0),
(692, 140902, 0, 10, 0),
(693, 140902, 0, 5, 0),
(694, 140902, 0, 7, 0),
(695, 140902, 0, 17, 0),
(696, 140902, 0, 18, 0),
(697, 140902, 0, 8, 0),
(698, 140902, 0, 1, 0),
(699, 140902, 0, 6, 0),
(700, 140902, 0, 12, 0),
(701, 140902, 0, 14, 0),
(702, 140902, 0, 4, 0),
(703, 140902, 0, 10, 0),
(704, 140902, 0, 5, 0),
(705, 140902, 0, 7, 0),
(706, 140902, 0, 17, 0),
(707, 140902, 0, 18, 0),
(708, 140902, 0, 8, 0),
(709, 140902, 0, 1, 0),
(710, 140902, 0, 6, 0),
(711, 140902, 0, 12, 0),
(712, 140902, 0, 14, 0),
(713, 140902, 0, 4, 0),
(714, 140902, 0, 10, 0),
(715, 140902, 0, 5, 0),
(716, 140902, 0, 7, 0),
(717, 140902, 0, 17, 0),
(718, 140902, 0, 18, 0),
(719, 140902, 0, 8, 0),
(720, 140902, 0, 1, 0),
(721, 140902, 0, 6, 0),
(722, 140902, 0, 12, 0),
(723, 140902, 0, 14, 0),
(724, 140902, 0, 4, 0),
(725, 140902, 0, 10, 0),
(726, 140902, 0, 5, 0),
(727, 140902, 0, 7, 0),
(728, 140902, 0, 17, 0),
(729, 140902, 0, 18, 0),
(730, 140902, 0, 8, 0),
(731, 140902, 0, 1, 0),
(732, 140902, 0, 6, 0),
(733, 140902, 0, 12, 0),
(734, 140902, 0, 14, 0),
(735, 140902, 0, 4, 0),
(736, 140902, 0, 10, 0),
(737, 140902, 0, 5, 0),
(738, 140902, 0, 7, 0),
(739, 140902, 0, 17, 0),
(740, 140902, 0, 18, 0),
(741, 140902, 0, 8, 0),
(742, 140902, 0, 1, 0),
(743, 140902, 0, 6, 0),
(744, 140902, 0, 12, 0),
(745, 140902, 0, 14, 0),
(746, 140902, 0, 4, 0),
(747, 140902, 0, 10, 0),
(748, 140902, 0, 5, 0),
(749, 140902, 0, 7, 0),
(750, 140902, 0, 17, 0),
(751, 140902, 0, 18, 0),
(752, 140902, 0, 8, 0),
(753, 140902, 0, 1, 0),
(754, 140902, 0, 6, 0),
(755, 140902, 0, 12, 0),
(756, 140902, 0, 14, 0),
(757, 140902, 0, 4, 0),
(758, 140902, 0, 10, 0),
(759, 140902, 0, 5, 0),
(760, 140902, 0, 7, 0),
(761, 140902, 0, 17, 0),
(762, 140902, 0, 18, 0),
(763, 140902, 0, 8, 0),
(764, 140902, 0, 1, 0),
(765, 140902, 0, 6, 0),
(766, 140902, 0, 12, 0),
(767, 140902, 0, 14, 0),
(768, 140902, 0, 4, 0),
(769, 140902, 0, 10, 0),
(770, 140902, 0, 5, 0),
(771, 140902, 0, 7, 0),
(772, 140902, 0, 17, 0),
(773, 140902, 0, 18, 0),
(774, 140902, 0, 8, 0),
(775, 140902, 0, 1, 0),
(776, 140902, 0, 6, 0),
(777, 140902, 0, 12, 0),
(778, 140902, 0, 14, 0),
(779, 140902, 0, 4, 0),
(780, 140902, 0, 10, 0),
(781, 140902, 0, 5, 0),
(782, 140902, 0, 7, 0),
(783, 140902, 0, 17, 0),
(784, 140902, 0, 18, 0),
(785, 140902, 0, 8, 0),
(786, 140902, 0, 1, 0),
(787, 140902, 0, 6, 0),
(788, 140902, 0, 12, 0),
(789, 140902, 0, 14, 0),
(790, 140902, 0, 4, 0),
(791, 140902, 0, 10, 0),
(792, 140902, 0, 5, 0),
(793, 140902, 0, 7, 0),
(794, 140902, 0, 17, 0),
(795, 140902, 0, 18, 0),
(796, 140902, 0, 8, 0),
(797, 140902, 0, 1, 0),
(798, 140902, 0, 6, 0),
(799, 140902, 0, 12, 0),
(800, 140902, 0, 14, 0),
(801, 140902, 0, 4, 0),
(802, 140902, 0, 10, 0),
(803, 140902, 0, 5, 0),
(804, 140902, 0, 7, 0),
(805, 140902, 0, 17, 0),
(806, 140902, 0, 18, 0),
(807, 140902, 0, 8, 0),
(808, 140902, 0, 1, 0),
(809, 140902, 0, 6, 0),
(810, 140902, 0, 12, 0),
(811, 140902, 0, 14, 0),
(812, 140902, 0, 4, 0),
(813, 140902, 0, 10, 0),
(814, 140902, 0, 5, 0),
(815, 140902, 0, 7, 0),
(816, 140902, 0, 17, 0),
(817, 140902, 0, 18, 0),
(818, 140902, 0, 8, 0),
(819, 140902, 0, 1, 0),
(820, 140902, 0, 6, 0),
(821, 140902, 0, 12, 0),
(822, 140902, 0, 14, 0),
(823, 140902, 0, 4, 0),
(824, 140902, 0, 10, 0),
(825, 140902, 0, 5, 0),
(826, 140902, 0, 7, 0),
(827, 140902, 0, 17, 0),
(828, 140902, 0, 18, 0),
(829, 140902, 0, 8, 0),
(830, 140902, 0, 1, 0),
(831, 140902, 0, 6, 0),
(832, 140902, 0, 12, 0),
(833, 140902, 0, 14, 0),
(834, 140902, 0, 4, 0),
(835, 140902, 0, 10, 0),
(836, 140902, 0, 5, 0),
(837, 140902, 0, 7, 0),
(838, 140902, 0, 17, 0),
(839, 140902, 0, 18, 0),
(840, 140902, 0, 8, 0),
(841, 140902, 0, 1, 0),
(842, 140902, 0, 6, 0),
(843, 140902, 0, 12, 0),
(844, 140902, 0, 14, 0),
(845, 140902, 0, 4, 0),
(846, 140902, 0, 10, 0),
(847, 140902, 0, 5, 0),
(848, 140902, 0, 7, 0),
(849, 140902, 0, 17, 0),
(850, 140902, 0, 18, 0),
(851, 140902, 0, 8, 0),
(852, 140902, 0, 1, 0),
(853, 140902, 0, 6, 0),
(854, 140902, 0, 12, 0),
(855, 140902, 0, 14, 0),
(856, 140902, 0, 4, 0),
(857, 140902, 0, 10, 0),
(858, 140902, 0, 5, 0),
(859, 140902, 0, 7, 0),
(860, 140902, 0, 17, 0),
(861, 140902, 0, 18, 0),
(862, 140902, 0, 8, 0),
(863, 140902, 0, 1, 0),
(864, 140902, 0, 6, 0),
(865, 140902, 0, 12, 0),
(866, 140902, 0, 14, 0),
(867, 140902, 0, 4, 0),
(868, 140902, 0, 10, 0),
(869, 140902, 0, 5, 0),
(870, 140902, 0, 7, 0),
(871, 140902, 0, 17, 0),
(872, 140902, 0, 18, 0),
(873, 140902, 0, 8, 0),
(874, 140902, 0, 1, 0),
(875, 140902, 0, 6, 0),
(876, 140902, 0, 12, 0),
(877, 140902, 0, 14, 0),
(878, 140902, 0, 4, 0),
(879, 140902, 0, 10, 0),
(880, 140902, 0, 5, 0),
(881, 140902, 0, 7, 0),
(882, 140902, 0, 17, 0),
(883, 140902, 0, 18, 0),
(884, 140902, 0, 8, 0),
(885, 140902, 0, 1, 0),
(886, 140902, 0, 6, 0),
(887, 140902, 0, 12, 0),
(888, 140902, 0, 14, 0),
(889, 140902, 0, 4, 0),
(890, 140902, 0, 10, 0),
(891, 140902, 0, 5, 0),
(892, 140902, 0, 7, 0),
(893, 140902, 0, 17, 0),
(894, 140902, 0, 18, 0),
(895, 140902, 0, 8, 0),
(896, 140902, 0, 1, 0),
(897, 140902, 0, 6, 0),
(898, 140902, 0, 12, 0),
(899, 140902, 0, 14, 0),
(900, 140902, 0, 4, 0),
(901, 140902, 0, 10, 0),
(902, 140902, 0, 5, 0),
(903, 140902, 0, 7, 0),
(904, 140902, 0, 17, 0),
(905, 140902, 0, 18, 0),
(906, 140902, 0, 8, 0),
(907, 140902, 0, 1, 0),
(908, 140902, 0, 6, 0),
(909, 140902, 0, 12, 0),
(910, 140902, 0, 14, 0),
(911, 140902, 0, 4, 0),
(912, 140902, 0, 10, 0),
(913, 140902, 0, 5, 0),
(914, 140902, 0, 7, 0),
(915, 140902, 0, 17, 0),
(916, 140902, 0, 18, 0),
(917, 140902, 0, 8, 0),
(918, 140902, 0, 1, 0),
(919, 140902, 0, 6, 0),
(920, 140902, 0, 12, 0),
(921, 140902, 0, 14, 0),
(922, 140902, 0, 4, 0),
(923, 140902, 0, 10, 0),
(924, 140902, 0, 5, 0),
(925, 140902, 0, 7, 0),
(926, 140902, 0, 17, 0),
(927, 140902, 0, 18, 0),
(928, 140902, 0, 8, 0),
(929, 140902, 0, 1, 0),
(930, 140902, 0, 6, 0),
(931, 140902, 0, 12, 0),
(932, 140902, 0, 14, 0),
(933, 140902, 0, 4, 0),
(934, 140902, 0, 10, 0),
(935, 140902, 0, 5, 0),
(936, 140902, 0, 7, 0),
(937, 140902, 0, 17, 0),
(938, 140902, 0, 18, 0),
(939, 140902, 0, 8, 0),
(940, 140902, 0, 1, 0),
(941, 140902, 0, 6, 0),
(942, 140902, 0, 12, 0),
(943, 140902, 0, 14, 0),
(944, 140902, 0, 4, 0),
(945, 140902, 0, 10, 0),
(946, 140902, 0, 5, 0),
(947, 140902, 0, 7, 0),
(948, 140902, 0, 17, 0),
(949, 140902, 0, 18, 0),
(950, 140902, 0, 8, 0),
(951, 140902, 0, 1, 0),
(952, 140902, 0, 6, 0),
(953, 140902, 0, 12, 0),
(954, 140902, 0, 14, 0),
(955, 140902, 0, 4, 0),
(956, 140902, 0, 10, 0),
(957, 140902, 0, 5, 0),
(958, 140902, 0, 7, 0),
(959, 140902, 0, 17, 0),
(960, 140902, 0, 18, 0),
(961, 140902, 0, 8, 0),
(962, 140902, 0, 1, 0),
(963, 140902, 0, 6, 0),
(964, 140902, 0, 12, 0),
(965, 140902, 0, 14, 0),
(966, 140902, 0, 4, 0),
(967, 140902, 0, 10, 0),
(968, 140902, 0, 5, 0),
(969, 140902, 0, 7, 0),
(970, 140902, 0, 17, 0),
(971, 140902, 0, 18, 0),
(972, 140902, 0, 8, 0),
(973, 140902, 0, 1, 0),
(974, 140902, 0, 6, 0),
(975, 140902, 0, 12, 0),
(976, 140902, 0, 14, 0),
(977, 140902, 0, 4, 0),
(978, 140902, 0, 10, 0),
(979, 140902, 0, 5, 0),
(980, 140902, 0, 7, 0),
(981, 140902, 0, 17, 0),
(982, 140902, 0, 18, 0),
(983, 140902, 0, 8, 0),
(984, 140902, 0, 1, 0),
(985, 140902, 0, 6, 0),
(986, 140902, 0, 12, 0),
(987, 140902, 0, 14, 0),
(988, 140902, 0, 4, 0),
(989, 140902, 0, 10, 0),
(990, 140902, 0, 5, 0),
(991, 140902, 0, 7, 0),
(992, 140902, 0, 17, 0),
(993, 140902, 0, 18, 0),
(994, 140902, 0, 8, 0),
(995, 140902, 0, 1, 0),
(996, 140902, 0, 6, 0),
(997, 140902, 0, 12, 0),
(998, 140902, 0, 14, 0),
(999, 140902, 0, 4, 0),
(1000, 140902, 0, 10, 0),
(1001, 140902, 0, 5, 0),
(1002, 140902, 0, 7, 0),
(1003, 140902, 0, 17, 0),
(1004, 140902, 0, 18, 0),
(1005, 140902, 0, 8, 0),
(1006, 140902, 0, 1, 0),
(1007, 140902, 0, 6, 0),
(1008, 140902, 0, 12, 0),
(1009, 140902, 0, 14, 0),
(1010, 140902, 0, 4, 0),
(1011, 140902, 0, 10, 0),
(1012, 140902, 0, 5, 0),
(1013, 140902, 0, 7, 0),
(1014, 140902, 0, 17, 0),
(1015, 140902, 0, 18, 0),
(1016, 140902, 0, 8, 0),
(1017, 140902, 0, 1, 0),
(1018, 140902, 0, 6, 0),
(1019, 140902, 0, 12, 0),
(1020, 140902, 0, 14, 0),
(1021, 140902, 0, 4, 0),
(1022, 140902, 0, 10, 0),
(1023, 140902, 0, 5, 0),
(1024, 140902, 0, 7, 0),
(1025, 140902, 0, 17, 0),
(1026, 140902, 0, 18, 0),
(1027, 140902, 0, 8, 0),
(1028, 140902, 0, 1, 0),
(1029, 140902, 0, 6, 0),
(1030, 140902, 0, 12, 0),
(1031, 140902, 0, 14, 0),
(1032, 140902, 0, 4, 0),
(1033, 140902, 0, 10, 0),
(1034, 140902, 0, 5, 0),
(1035, 140902, 0, 7, 0),
(1036, 140902, 0, 17, 0),
(1037, 140902, 0, 18, 0),
(1038, 140902, 0, 8, 0),
(1039, 140902, 0, 1, 0),
(1040, 140902, 0, 6, 0),
(1041, 140902, 0, 12, 0),
(1042, 140902, 0, 14, 0),
(1043, 140902, 0, 4, 0),
(1044, 140902, 0, 10, 0),
(1045, 140902, 0, 5, 0),
(1046, 140902, 0, 7, 0),
(1047, 140902, 0, 17, 0),
(1048, 140902, 0, 18, 0),
(1049, 140902, 0, 8, 0),
(1050, 140902, 0, 1, 0),
(1051, 140902, 0, 6, 0),
(1052, 140902, 0, 12, 0),
(1053, 140902, 0, 14, 0),
(1054, 140902, 0, 4, 0),
(1055, 140902, 0, 10, 0),
(1056, 140902, 0, 5, 0),
(1057, 140902, 0, 7, 0),
(1058, 140902, 0, 17, 0),
(1059, 140902, 0, 18, 0),
(1060, 140902, 0, 8, 0),
(1061, 140902, 0, 1, 0),
(1062, 140902, 0, 6, 0),
(1063, 140902, 0, 12, 0),
(1064, 140902, 0, 14, 0),
(1065, 140902, 0, 4, 0),
(1066, 140902, 0, 10, 0),
(1067, 140902, 0, 5, 0),
(1068, 140902, 0, 7, 0),
(1069, 140902, 0, 17, 0),
(1070, 140902, 0, 18, 0),
(1071, 140902, 0, 8, 0),
(1072, 140902, 0, 1, 0),
(1073, 140902, 0, 6, 0),
(1074, 140902, 0, 12, 0),
(1075, 140902, 0, 14, 0),
(1076, 140902, 0, 4, 0),
(1077, 140902, 0, 10, 0),
(1078, 140902, 0, 5, 0),
(1079, 140902, 0, 7, 0),
(1080, 140902, 0, 17, 0),
(1081, 140902, 0, 18, 0),
(1082, 140902, 0, 8, 0),
(1083, 140902, 0, 1, 0),
(1084, 140902, 0, 6, 0),
(1085, 140902, 0, 12, 0),
(1086, 140902, 0, 14, 0),
(1087, 140902, 0, 4, 0),
(1088, 140902, 0, 10, 0),
(1089, 140902, 0, 5, 0),
(1090, 140902, 0, 7, 0),
(1091, 140902, 0, 17, 0),
(1092, 140902, 0, 18, 0),
(1093, 140902, 0, 8, 0),
(1094, 140902, 0, 1, 0),
(1095, 140902, 0, 6, 0),
(1096, 140902, 0, 12, 0),
(1097, 140902, 0, 14, 0),
(1098, 140902, 0, 4, 0),
(1099, 140902, 0, 10, 0),
(1100, 140902, 0, 5, 0),
(1101, 140902, 1, 7, 0),
(1102, 140902, 1, 17, 0),
(1103, 140902, 1, 18, 0),
(1104, 140902, 1, 8, 0),
(1105, 140902, 1, 1, 0),
(1106, 140902, 1, 6, 0),
(1107, 140902, 1, 12, 0),
(1108, 140902, 1, 14, 0),
(1109, 140902, 1, 4, 0),
(1110, 140902, 1, 10, 0),
(1111, 140902, 1, 5, 0),
(1112, 140902, 1, 7, 0),
(1113, 140902, 1, 17, 0),
(1114, 140902, 1, 18, 0),
(1115, 140902, 1, 8, 0),
(1116, 140902, 1, 1, 0),
(1117, 140902, 1, 6, 0),
(1118, 140902, 1, 12, 0),
(1119, 140902, 1, 14, 0),
(1120, 140902, 1, 4, 0),
(1121, 140902, 1, 10, 0),
(1122, 140902, 1, 5, 0),
(1123, 140902, 1, 7, 0),
(1124, 140902, 1, 17, 0),
(1125, 140902, 1, 18, 0),
(1126, 140902, 1, 8, 0),
(1127, 140902, 1, 1, 0),
(1128, 140902, 1, 6, 0),
(1129, 140902, 1, 12, 0),
(1130, 140902, 1, 14, 0),
(1131, 140902, 1, 4, 0),
(1132, 140902, 1, 10, 0),
(1133, 140902, 1, 5, 0),
(1134, 140902, 1, 7, 0),
(1135, 140902, 1, 17, 0),
(1136, 140902, 1, 18, 0),
(1137, 140902, 1, 8, 0),
(1138, 140902, 1, 1, 0),
(1139, 140902, 1, 6, 0),
(1140, 140902, 1, 12, 0),
(1141, 140902, 1, 14, 0),
(1142, 140902, 1, 4, 0),
(1143, 140902, 1, 10, 0),
(1144, 140902, 1, 5, 0),
(1145, 140902, 0, 7, 0),
(1146, 140902, 0, 17, 0),
(1147, 140902, 0, 18, 0),
(1148, 140902, 0, 8, 0),
(1149, 140902, 0, 1, 0),
(1150, 140902, 0, 6, 0),
(1151, 140902, 0, 12, 0),
(1152, 140902, 0, 14, 0),
(1153, 140902, 0, 4, 0),
(1154, 140902, 0, 10, 0),
(1155, 140902, 0, 5, 0),
(1156, 140902, 0, 7, 0),
(1157, 140902, 0, 17, 0),
(1158, 140902, 0, 18, 0),
(1159, 140902, 0, 8, 0),
(1160, 140902, 0, 1, 0),
(1161, 140902, 0, 6, 0),
(1162, 140902, 0, 12, 0),
(1163, 140902, 0, 14, 0),
(1164, 140902, 0, 4, 0),
(1165, 140902, 0, 10, 0),
(1166, 140902, 0, 5, 0),
(1167, 140902, 0, 7, 0),
(1168, 140902, 0, 17, 0),
(1169, 140902, 0, 18, 0),
(1170, 140902, 0, 8, 0),
(1171, 140902, 0, 1, 0),
(1172, 140902, 0, 6, 0),
(1173, 140902, 0, 12, 0),
(1174, 140902, 0, 14, 0),
(1175, 140902, 0, 4, 0),
(1176, 140902, 0, 10, 0),
(1177, 140902, 0, 5, 0),
(1178, 140902, 0, 7, 0),
(1179, 140902, 0, 17, 0),
(1180, 140902, 0, 18, 0),
(1181, 140902, 0, 8, 0),
(1182, 140902, 0, 1, 0),
(1183, 140902, 0, 6, 0),
(1184, 140902, 0, 12, 0),
(1185, 140902, 0, 14, 0),
(1186, 140902, 0, 4, 0),
(1187, 140902, 0, 10, 0),
(1188, 140902, 0, 5, 0),
(1189, 140902, 0, 7, 0),
(1190, 140902, 0, 17, 0),
(1191, 140902, 0, 18, 0),
(1192, 140902, 0, 8, 0),
(1193, 140902, 0, 1, 0),
(1194, 140902, 0, 6, 0),
(1195, 140902, 0, 12, 0),
(1196, 140902, 0, 14, 0),
(1197, 140902, 0, 4, 0),
(1198, 140902, 0, 10, 0),
(1199, 140902, 0, 5, 0),
(1200, 140902, 0, 7, 0),
(1201, 140902, 0, 17, 0),
(1202, 140902, 0, 18, 0),
(1203, 140902, 0, 8, 0),
(1204, 140902, 0, 1, 0),
(1205, 140902, 0, 6, 0),
(1206, 140902, 0, 12, 0),
(1207, 140902, 0, 14, 0),
(1208, 140902, 0, 4, 0),
(1209, 140902, 0, 10, 0),
(1210, 140902, 0, 5, 0),
(1211, 140902, 0, 7, 0),
(1212, 140902, 0, 17, 0),
(1213, 140902, 0, 18, 0),
(1214, 140902, 0, 8, 0),
(1215, 140902, 0, 1, 0),
(1216, 140902, 0, 6, 0),
(1217, 140902, 0, 12, 0),
(1218, 140902, 0, 14, 0),
(1219, 140902, 0, 4, 0),
(1220, 140902, 0, 10, 0),
(1221, 140902, 0, 5, 0),
(1222, 140902, 0, 7, 0),
(1223, 140902, 0, 17, 0),
(1224, 140902, 0, 18, 0),
(1225, 140902, 0, 8, 0),
(1226, 140902, 0, 1, 0),
(1227, 140902, 0, 6, 0),
(1228, 140902, 0, 12, 0),
(1229, 140902, 0, 14, 0),
(1230, 140902, 0, 4, 0),
(1231, 140902, 0, 10, 0),
(1232, 140902, 0, 5, 0),
(1233, 140902, 0, 7, 0),
(1234, 140902, 0, 17, 0),
(1235, 140902, 0, 18, 0),
(1236, 140902, 0, 8, 0),
(1237, 140902, 0, 1, 0),
(1238, 140902, 0, 6, 0),
(1239, 140902, 0, 12, 0),
(1240, 140902, 0, 14, 0),
(1241, 140902, 0, 4, 0),
(1242, 140902, 0, 10, 0),
(1243, 140902, 0, 5, 0),
(1244, 140902, 0, 7, 0),
(1245, 140902, 0, 17, 0),
(1246, 140902, 0, 18, 0),
(1247, 140902, 0, 8, 0),
(1248, 140902, 0, 1, 0),
(1249, 140902, 0, 6, 0),
(1250, 140902, 0, 12, 0),
(1251, 140902, 0, 14, 0),
(1252, 140902, 0, 4, 0),
(1253, 140902, 0, 10, 0),
(1254, 140902, 0, 5, 0),
(1255, 140902, 0, 7, 0),
(1256, 140902, 0, 17, 0),
(1257, 140902, 0, 18, 0),
(1258, 140902, 0, 8, 0),
(1259, 140902, 0, 1, 0),
(1260, 140902, 0, 6, 0),
(1261, 140902, 0, 12, 0),
(1262, 140902, 0, 14, 0),
(1263, 140902, 0, 4, 0),
(1264, 140902, 0, 10, 0),
(1265, 140902, 0, 5, 0),
(1266, 140902, 0, 7, 0),
(1267, 140902, 0, 17, 0),
(1268, 140902, 0, 18, 0),
(1269, 140902, 0, 8, 0),
(1270, 140902, 0, 1, 0),
(1271, 140902, 0, 6, 0),
(1272, 140902, 0, 12, 0),
(1273, 140902, 0, 14, 0),
(1274, 140902, 0, 4, 0),
(1275, 140902, 0, 10, 0),
(1276, 140902, 0, 5, 0),
(1277, 140902, 0, 7, 0),
(1278, 140902, 0, 17, 0),
(1279, 140902, 0, 18, 0),
(1280, 140902, 0, 8, 0),
(1281, 140902, 0, 1, 0),
(1282, 140902, 0, 6, 0),
(1283, 140902, 0, 12, 0),
(1284, 140902, 0, 14, 0),
(1285, 140902, 0, 4, 0),
(1286, 140902, 0, 10, 0),
(1287, 140902, 0, 5, 0),
(1288, 140902, 0, 7, 0),
(1289, 140902, 0, 17, 0),
(1290, 140902, 0, 18, 0),
(1291, 140902, 0, 8, 0),
(1292, 140902, 0, 1, 0),
(1293, 140902, 0, 6, 0),
(1294, 140902, 0, 12, 0),
(1295, 140902, 0, 14, 0),
(1296, 140902, 0, 4, 0),
(1297, 140902, 0, 10, 0),
(1298, 140902, 0, 5, 0),
(1299, 140902, 0, 7, 0),
(1300, 140902, 0, 17, 0),
(1301, 140902, 0, 18, 0),
(1302, 140902, 0, 8, 0),
(1303, 140902, 0, 1, 0),
(1304, 140902, 0, 6, 0),
(1305, 140902, 0, 12, 0),
(1306, 140902, 0, 14, 0),
(1307, 140902, 0, 4, 0),
(1308, 140902, 0, 10, 0),
(1309, 140902, 0, 5, 0),
(1310, 140902, 0, 7, 0),
(1311, 140902, 0, 17, 0),
(1312, 140902, 0, 18, 0),
(1313, 140902, 0, 8, 0),
(1314, 140902, 0, 1, 0),
(1315, 140902, 0, 6, 0),
(1316, 140902, 0, 12, 0),
(1317, 140902, 0, 14, 0),
(1318, 140902, 0, 4, 0),
(1319, 140902, 0, 10, 0),
(1320, 140902, 0, 5, 0),
(1321, 140902, 0, 7, 0),
(1322, 140902, 0, 17, 0),
(1323, 140902, 0, 18, 0),
(1324, 140902, 0, 8, 0),
(1325, 140902, 0, 1, 0),
(1326, 140902, 0, 6, 0),
(1327, 140902, 0, 12, 0),
(1328, 140902, 0, 14, 0),
(1329, 140902, 0, 4, 0),
(1330, 140902, 0, 10, 0),
(1331, 140902, 0, 5, 0),
(1332, 140902, 0, 7, 0),
(1333, 140902, 0, 17, 0),
(1334, 140902, 0, 18, 0),
(1335, 140902, 0, 8, 0),
(1336, 140902, 0, 1, 0),
(1337, 140902, 0, 6, 0),
(1338, 140902, 0, 12, 0),
(1339, 140902, 0, 14, 0),
(1340, 140902, 0, 4, 0),
(1341, 140902, 0, 10, 0),
(1342, 140902, 0, 5, 0),
(1343, 140902, 0, 7, 0),
(1344, 140902, 0, 17, 0),
(1345, 140902, 0, 18, 0),
(1346, 140902, 0, 8, 0),
(1347, 140902, 0, 1, 0),
(1348, 140902, 0, 6, 0),
(1349, 140902, 0, 12, 0),
(1350, 140902, 0, 14, 0),
(1351, 140902, 0, 4, 0),
(1352, 140902, 0, 10, 0),
(1353, 140902, 0, 5, 0),
(1354, 140902, 0, 7, 0),
(1355, 140902, 0, 17, 0),
(1356, 140902, 0, 18, 0),
(1357, 140902, 0, 8, 0),
(1358, 140902, 0, 1, 0),
(1359, 140902, 0, 6, 0),
(1360, 140902, 0, 12, 0),
(1361, 140902, 0, 14, 0),
(1362, 140902, 0, 4, 0),
(1363, 140902, 0, 10, 0),
(1364, 140902, 0, 5, 0),
(1365, 140902, 0, 7, 0),
(1366, 140902, 0, 17, 0),
(1367, 140902, 0, 18, 0),
(1368, 140902, 0, 8, 0),
(1369, 140902, 0, 1, 0),
(1370, 140902, 0, 6, 0),
(1371, 140902, 0, 12, 0),
(1372, 140902, 0, 14, 0),
(1373, 140902, 0, 4, 0),
(1374, 140902, 0, 10, 0),
(1375, 140902, 0, 5, 0),
(1376, 140902, 401, 7, 10),
(1377, 140902, 401, 17, 11),
(1378, 140902, 401, 18, 12),
(1379, 140902, 401, 8, 13),
(1380, 140902, 401, 1, 14),
(1381, 140902, 401, 6, 15),
(1382, 140902, 401, 12, 1),
(1383, 140902, 401, 14, 1),
(1384, 140902, 401, 4, 1),
(1385, 140902, 401, 10, 1),
(1386, 140902, 401, 5, 1),
(1387, 140902, 401, 7, 10),
(1388, 140902, 401, 17, 11),
(1389, 140902, 401, 18, 12),
(1390, 140902, 401, 8, 13),
(1391, 140902, 401, 1, 14),
(1392, 140902, 401, 6, 15),
(1393, 140902, 401, 12, 1),
(1394, 140902, 401, 14, 1),
(1395, 140902, 401, 4, 1),
(1396, 140902, 401, 10, 1),
(1397, 140902, 401, 5, 1),
(1398, 0, 323, 7, 2),
(1399, 0, 323, 17, 2),
(1400, 0, 323, 18, 1),
(1401, 0, 323, 8, 1),
(1402, 0, 323, 1, 1),
(1403, 0, 323, 6, 314),
(1404, 0, 323, 12, 13),
(1405, 0, 323, 14, 3),
(1406, 0, 323, 4, 4),
(1407, 0, 323, 10, 3),
(1408, 0, 323, 5, 1),
(1409, 140902, 4574, 7, 1),
(1410, 140902, 4574, 17, 2),
(1411, 140902, 4574, 18, 3),
(1412, 140902, 4574, 8, 4),
(1413, 140902, 4574, 1, 5),
(1414, 140902, 4574, 6, 6),
(1415, 140902, 4574, 12, 7),
(1416, 140902, 4574, 14, 8),
(1417, 140902, 4574, 4, 9),
(1418, 140902, 4574, 10, 0),
(1419, 140902, 4574, 5, 10),
(1420, 140902, 4574, 7, 1),
(1421, 140902, 4574, 17, 2),
(1422, 140902, 4574, 18, 3),
(1423, 140902, 4574, 8, 4),
(1424, 140902, 4574, 1, 5),
(1425, 140902, 4574, 6, 6),
(1426, 140902, 4574, 12, 7),
(1427, 140902, 4574, 14, 8),
(1428, 140902, 4574, 4, 9),
(1429, 140902, 4574, 10, 0),
(1430, 140902, 4574, 5, 10);

-- --------------------------------------------------------

--
-- Estructura de tabla para la tabla `tab_vt_regional_acta`
--

CREATE TABLE `tab_vt_regional_acta` (
  `id` int(11) NOT NULL,
  `ubigeo` float NOT NULL,
  `mesa_sufragio` int(10) NOT NULL,
  `total_reniec_habiles` float NOT NULL,
  `detalle_vt_region` varchar(100) NOT NULL,
  `vt_blanco_region` float NOT NULL,
  `vt_nulo_region` float NOT NULL,
  `vt_impugnado_region` float NOT NULL,
  `total_vt_emitidos_region` float NOT NULL,
  `detalle_vt_consejero` varchar(140) NOT NULL,
  `vt_blanco_consejero` float NOT NULL,
  `vt_nulo_consejero` float NOT NULL,
  `vt_impugnado_consejero` float NOT NULL,
  `total_vt_emitidos_consejero` float NOT NULL
) ENGINE=InnoDB DEFAULT CHARSET=utf8;

--
-- Volcado de datos para la tabla `tab_vt_regional_acta`
--

INSERT INTO `tab_vt_regional_acta` (`id`, `ubigeo`, `mesa_sufragio`, `total_reniec_habiles`, `detalle_vt_region`, `vt_blanco_region`, `vt_nulo_region`, `vt_impugnado_region`, `total_vt_emitidos_region`, `detalle_vt_consejero`, `vt_blanco_consejero`, `vt_nulo_consejero`, `vt_impugnado_consejero`, `total_vt_emitidos_consejero`) VALUES
(1, 140902, 143, 421, '1412,523,1234,43,42,124,43,3253,2141234,124,', 124, 4124, 43, 23, '42,532,523,431,42,532,53535,53,214,12,', 523, 532, 532, 5325),
(2, 140902, 123, 232, '32,323,323,32,3,2,32,23,21,312,', 32, 32, 23, 23, '32,23,32,32,1232,23,23,23,312,312,', 32, 32, 23, 232);

-- --------------------------------------------------------

--
-- Estructura de tabla para la tabla `tab_vt_regional_xdistritos`
--

CREATE TABLE `tab_vt_regional_xdistritos` (
  `id` int(11) NOT NULL,
  `ubigeo` int(8) NOT NULL,
  `mesa_sufragio` int(10) NOT NULL,
  `codigo_agrupacion` float NOT NULL,
  `vt_region` float NOT NULL,
  `vt_consejero` float NOT NULL
) ENGINE=InnoDB DEFAULT CHARSET=utf8;

--
-- Volcado de datos para la tabla `tab_vt_regional_xdistritos`
--

INSERT INTO `tab_vt_regional_xdistritos` (`id`, `ubigeo`, `mesa_sufragio`, `codigo_agrupacion`, `vt_region`, `vt_consejero`) VALUES
(1, 0, 0, 0, 0, 0),
(2, 140902, 143, 17, 2141230, 214),
(3, 140902, 143, 18, 124, 12),
(4, 140902, 143, 8, 42, 42),
(5, 140902, 143, 1, 1412, 42),
(6, 140902, 143, 6, 43, 431),
(7, 140902, 143, 12, 43, 53535),
(8, 140902, 143, 16, 3253, 53),
(9, 140902, 143, 4, 523, 532),
(10, 140902, 143, 10, 124, 532),
(11, 140902, 143, 5, 1234, 523),
(12, 140902, 123, 17, 21, 312),
(13, 140902, 123, 18, 312, 312),
(14, 140902, 123, 8, 3, 1232),
(15, 140902, 123, 1, 32, 32),
(16, 140902, 123, 6, 32, 32),
(17, 140902, 123, 12, 32, 23),
(18, 140902, 123, 16, 23, 23),
(19, 140902, 123, 4, 323, 23),
(20, 140902, 123, 10, 2, 23),
(21, 140902, 123, 5, 323, 32);

-- --------------------------------------------------------

--
-- Estructura de tabla para la tabla `usuarios`
--

CREATE TABLE `usuarios` (
  `id_usuario` int(11) NOT NULL,
  `nombre_usuario` varchar(100) DEFAULT NULL,
  `apellido_usuario` varchar(100) DEFAULT NULL,
  `usuario` varchar(100) DEFAULT NULL,
  `clave` text DEFAULT NULL,
  `id_perfil_usuario` int(11) DEFAULT NULL,
  `id_caja` int(11) DEFAULT NULL,
  `estado` tinyint(4) DEFAULT NULL
) ENGINE=InnoDB DEFAULT CHARSET=utf8;

--
-- Volcado de datos para la tabla `usuarios`
--

INSERT INTO `usuarios` (`id_usuario`, `nombre_usuario`, `apellido_usuario`, `usuario`, `clave`, `id_perfil_usuario`, `id_caja`, `estado`) VALUES
(1, 'TUTORIALES', 'PHPERU', 'admin', '$2a$07$azybxcags23425sdg23sdeanQZqjaf6Birm2NvcYTNtJw24CsO5uq', 1, 1, 1),
(2, 'PAOLO', 'GUERRERO', 'pguerrero', '$2a$07$azybxcags23425sdg23sdeanQZqjaf6Birm2NvcYTNtJw24CsO5uq', 2, 1, 1),
(3, 'FIORELLA JESSICA', 'OSORES VALLEJO', 'fosoresv29', '123456', 2, 2, 1),
(4, 'RAFAEL', 'LOZANO', 'rlozano', '123456', 2, 1, 1),
(5, 'ANDY', 'POLO', 'apolo', 'asdsad', 2, 2, 1),
(6, 'ALEX', 'VALERA', 'avalera123', '$2a$07$azybxcags23425sdg23sdeanQZqjaf6Birm2NvcYTNtJw24CsO5uq', 1, 2, 1),
(7, 'ALDO', 'CORZO', 'acorzo123', '$2a$07$azybxcags23425sdg23sdeanQZqjaf6Birm2NvcYTNtJw24CsO5uq', 1, 2, 1),
(8, 'RENATO', 'TAPIA', 'prueba4', '$2a$07$azybxcags23425sdg23sdeV5s.14AcWhL0szWBmqFbPuIRMEC.9eu', 2, 2, 1),
(9, 'EMILIA', 'LOZANO OSORES', 'elozano', '$2a$07$azybxcags23425sdg23sdeanQZqjaf6Birm2NvcYTNtJw24CsO5uq', 1, 2, 1);

-- --------------------------------------------------------

--
-- Estructura de tabla para la tabla `usuarios-ok23`
--

CREATE TABLE `usuarios-ok23` (
  `id_usuario` int(11) NOT NULL,
  `nombre_usuario` varchar(100) DEFAULT NULL,
  `apellido_usuario` varchar(100) DEFAULT NULL,
  `usuario` varchar(100) DEFAULT NULL,
  `clave` text DEFAULT NULL,
  `id_perfil_usuario` int(11) DEFAULT NULL,
  `estado` tinyint(4) DEFAULT NULL
) ENGINE=InnoDB DEFAULT CHARSET=utf8;

--
-- Volcado de datos para la tabla `usuarios-ok23`
--

INSERT INTO `usuarios-ok23` (`id_usuario`, `nombre_usuario`, `apellido_usuario`, `usuario`, `clave`, `id_perfil_usuario`, `estado`) VALUES
(1, 'Tutoriales', 'admin pe', 'admin', '$2a$07$azybxcags23425sdg23sdeanQZqjaf6Birm2NvcYTNtJw24CsO5uq', 1, 1),
(2, 'Paolo', 'Plimplim', 'registrador', '$2a$07$azybxcags23425sdg23sdeanQZqjaf6Birm2NvcYTNtJw24CsO5uq', 2, 1);

-- --------------------------------------------------------

--
-- Estructura de tabla para la tabla `venta_cabecera`
--

CREATE TABLE `venta_cabecera` (
  `id_boleta` int(11) NOT NULL,
  `nro_boleta` varchar(8) NOT NULL,
  `descripcion` text DEFAULT NULL,
  `subtotal` float NOT NULL,
  `igv` float NOT NULL,
  `total_venta` float DEFAULT NULL,
  `fecha_venta` timestamp NULL DEFAULT current_timestamp()
) ENGINE=InnoDB DEFAULT CHARSET=utf8;

--
-- Volcado de datos para la tabla `venta_cabecera`
--

INSERT INTO `venta_cabecera` (`id_boleta`, `nro_boleta`, `descripcion`, `subtotal`, `igv`, `total_venta`, `fecha_venta`) VALUES
(46, '00000014', 'Venta realizada con Nro Boleta: 00000014', 12, 0, 250, '2022-09-06 21:54:10'),
(47, '00000015', 'Venta realizada con Nro Boleta: 00000015', 55, 1, 310, '2022-09-02 22:34:17'),
(48, '00000016', 'Venta realizada con Nro Boleta: 00000016', 0, 2, 223, '2021-09-10 22:34:51'),
(49, '00000017', 'Venta realizada con Nro Boleta: 00000017', 0, 0, 289, '2022-09-08 03:24:50'),
(50, '00000018', 'Venta realizada con Nro Boleta: 00000018', 0, 0, 274, '2022-09-10 18:51:41'),
(51, '00000019', 'Venta realizada con Nro Boleta: 00000019', 0, 0, 215, '2022-09-11 02:27:17'),
(52, '00000020', 'Venta realizada con Nro Boleta: 00000020', 0, 0, 305, '2022-09-10 02:29:41'),
(53, '00000021', 'Venta realizada con Nro Boleta: 00000021', 0, 0, 274, '0000-00-00 00:00:00'),
(54, '00000022', 'Venta realizada con Nro Boleta: 00000022', 0, 0, 263, '2022-09-03 02:32:55'),
(55, '00000023', 'Venta realizada con Nro Boleta: 00000023', 0, 0, 350, '2022-09-02 22:27:16'),
(56, '00000024', 'Venta realizada con Nro Boleta: 00000024', 0, 0, 335, '2022-09-01 22:27:45'),
(57, '', 'Venta realizada con Nro Boleta: ', 0, 0, 1.8, '2022-09-11 22:24:37'),
(58, '00000026', 'Venta realizada con Nro Boleta: 00000026', 0, 0, 0.5, '2022-09-11 23:26:39'),
(59, '00000027', 'Venta realizada con Nro Boleta: 00000027', 0, 0, 0.6, '2022-09-23 02:30:52'),
(60, '00000028', 'Venta realizada con Nro Boleta: 00000028', 0, 0, 20.7, '2022-09-23 02:31:19'),
(61, '00000029', 'Venta realizada con Nro Boleta: 00000029', 0, 0, 8.4, '2022-09-23 03:00:33'),
(62, '00000030', 'Venta realizada con Nro Boleta: 00000030', 0, 0, 18, '2022-09-23 03:01:25'),
(63, '00000031', 'Venta realizada con Nro Boleta: 00000031', 0, 0, 5.3, '2022-09-24 14:53:43'),
(64, '00000032', 'Venta realizada con Nro Boleta: 00000032', 0, 0, 5, '2022-10-01 05:45:46'),
(65, '00000033', 'Venta realizada con Nro Boleta: 00000033', 0, 0, 0.6, '2022-10-01 11:58:47'),
(66, '00000034', 'Venta realizada con Nro Boleta: 00000034', 0, 0, 0.8, '2022-10-01 11:59:23'),
(67, '00000035', 'Venta realizada con Nro Boleta: 00000035', 0, 0, 1.6, '2022-10-01 12:14:19'),
(68, '00000036', 'Venta realizada con Nro Boleta: 00000036', 0, 0, 0.8, '2022-10-01 12:15:15'),
(69, '00000037', 'Venta realizada con Nro Boleta: 00000037', 0, 0, 0.8, '2022-10-01 12:15:45'),
(70, '00000038', 'Venta realizada con Nro Boleta: 00000038', 0, 0, 1.5, '2022-10-01 12:16:15'),
(71, '00000039', 'Venta realizada con Nro Boleta: 00000039', 0, 0, 0.8, '2022-10-01 12:16:59'),
(72, '00000040', 'Venta realizada con Nro Boleta: 00000040', 0, 0, 0.6, '2022-10-01 12:17:26'),
(73, '00000041', 'Venta realizada con Nro Boleta: 00000041', 0, 0, 0.7, '2022-10-01 12:17:43'),
(74, '00000042', 'Venta realizada con Nro Boleta: 00000042', 0, 0, 12.1, '2022-10-01 12:18:12'),
(75, '00000043', 'Venta realizada con Nro Boleta: 00000043', 0, 0, 0.8, '2022-10-01 12:21:03'),
(76, '00000044', 'Venta realizada con Nro Boleta: 00000044', 0, 0, 0.6, '2022-10-01 12:21:21'),
(77, '00000045', 'Venta realizada con Nro Boleta: 00000045', 0, 0, 5, '2022-10-01 15:43:08'),
(78, '00000046', 'Venta realizada con Nro Boleta: 00000046', 0, 0, 0.8, '2022-10-01 15:43:17'),
(79, '00000047', 'Venta realizada con Nro Boleta: 00000047', 0, 0, 1.5, '2022-10-01 15:43:36'),
(80, '00000048', 'Venta realizada con Nro Boleta: 00000048', 0, 0, 3.6, '2022-10-01 15:43:57'),
(81, '00000049', 'Venta realizada con Nro Boleta: 00000049', 0, 0, 0.8, '2022-10-01 15:44:40'),
(82, '00000050', 'Venta realizada con Nro Boleta: 00000050', 0, 0, 0.8, '2022-10-01 15:44:49'),
(83, '00000051', 'Venta realizada con Nro Boleta: 00000051', 0, 0, 0.8, '2022-10-01 16:00:43'),
(84, '00000052', 'Venta realizada con Nro Boleta: 00000052', 0, 0, 0.5, '2022-10-02 03:44:40'),
(85, '00000053', 'Venta realizada con Nro Boleta: 00000053', 0, 0, 0.7, '2022-10-02 03:44:47'),
(86, '00000054', 'Venta realizada con Nro Boleta: 00000054', 0, 0, 24.8, '2022-10-02 03:45:04'),
(87, '00000055', 'Venta realizada con Nro Boleta: 00000055', 0, 0, 19, '2022-10-02 03:45:19');

-- --------------------------------------------------------

--
-- Estructura de tabla para la tabla `venta_detalle`
--

CREATE TABLE `venta_detalle` (
  `id` int(11) NOT NULL,
  `nro_boleta` varchar(8) COLLATE utf8_spanish_ci NOT NULL,
  `codigo_producto` bigint(20) NOT NULL,
  `cantidad` float NOT NULL,
  `total_venta` float NOT NULL,
  `fecha_venta` timestamp NOT NULL DEFAULT current_timestamp() ON UPDATE current_timestamp()
) ENGINE=InnoDB DEFAULT CHARSET=utf8 COLLATE=utf8_spanish_ci;

--
-- Volcado de datos para la tabla `venta_detalle`
--

INSERT INTO `venta_detalle` (`id`, `nro_boleta`, `codigo_producto`, `cantidad`, `total_venta`, `fecha_venta`) VALUES
(521, '00000014', 7755139002809, 3, 69, '2022-09-10 18:13:31'),
(522, '00000015', 7754725000281, 5, 17.5, '2022-09-09 22:34:17'),
(523, '00000016', 7751271021975, 1, 3.3, '2022-09-10 22:34:51'),
(524, '00000016', 7750182006088, 1, 2.5, '2022-09-10 22:34:51'),
(525, '00000016', 7750151003902, 1, 8.8, '2022-09-10 22:34:51'),
(526, '00000016', 7750885012928, 1, 0.8, '2022-09-10 22:34:51'),
(527, '00000016', 7750106002608, 1, 0.8, '2022-09-10 22:34:51'),
(528, '00000017', 7751271027656, 1, 5, '2022-09-10 23:01:17'),
(529, '00000018', 7750182002363, 1, 1.8, '2022-09-10 23:56:24'),
(530, '00000019', 7754725000281, 4, 14, '2022-09-11 02:27:17'),
(531, '00000019', 7750182002363, 4, 7.2, '2022-09-02 02:27:17'),
(532, '00000020', 7759222002097, 1, 9.5, '2022-09-10 16:29:41'),
(533, '00000020', 7755139002809, 1, 20, '2022-09-11 02:29:41'),
(534, '00000021', 10001, 4, 9.2, '2022-09-11 02:31:19'),
(535, '00000022', 10002, 2, 1.25, '2022-09-11 00:50:17'),
(537, '00000015', 7754725000281, 5, 17.5, '2022-09-02 03:34:17'),
(538, '00000016', 7751271021975, 1, 3.3, '2022-09-02 03:34:51'),
(539, '00000016', 7750182006088, 1, 2.5, '2022-09-02 03:34:51'),
(540, '00000016', 7750151003902, 1, 8.8, '2022-09-02 03:34:51'),
(541, '00000016', 7750885012928, 1, 0.8, '2022-09-02 03:34:51'),
(542, '00000016', 7750106002608, 1, 0.8, '2022-09-02 03:34:51'),
(543, '00000017', 7751271027656, 1, 5, '2022-09-02 04:01:17'),
(544, '00000018', 7750182002363, 1, 1.8, '2022-09-02 04:56:24'),
(545, '00000019', 7754725000281, 4, 14, '2022-09-01 07:27:17'),
(546, '00000019', 7750182002363, 4, 7.2, '2022-09-01 07:27:17'),
(547, '00000020', 7759222002097, 1, 9.5, '2022-09-01 07:29:41'),
(548, '00000020', 7755139002809, 1, 20, '2022-09-01 07:29:41'),
(549, '00000021', 10001, 4, 9.2, '2022-09-01 07:31:19'),
(550, '00000022', 10002, 0.25, 1.25, '2022-09-01 07:32:55'),
(551, '00000014', 7755139002809, 3, 69, '2021-11-02 02:54:10'),
(552, '00000015', 7754725000281, 5, 17.5, '2022-09-03 03:34:17'),
(553, '00000016', 7751271021975, 1, 3.3, '2022-09-03 03:34:51'),
(554, '00000016', 7750182006088, 1, 2.5, '2022-09-03 03:34:51'),
(555, '00000016', 7750151003902, 1, 8.8, '2022-09-03 03:34:51'),
(556, '00000016', 7750885012928, 1, 0.8, '2022-09-03 03:34:51'),
(557, '00000016', 7750106002608, 1, 0.8, '2022-09-03 03:34:51'),
(558, '00000017', 7751271027656, 1, 5, '2022-09-02 04:01:17'),
(559, '00000018', 7750182002363, 1, 1.8, '2022-09-03 04:56:24'),
(560, '00000019', 7754725000281, 4, 14, '2022-09-02 07:27:17'),
(561, '00000019', 7750182002363, 4, 7.2, '2022-09-02 07:27:17'),
(562, '00000020', 7759222002097, 1, 9.5, '2022-09-02 07:29:41'),
(563, '00000020', 7755139002809, 1, 20, '2022-09-02 07:29:41'),
(564, '00000021', 10001, 4, 9.2, '2022-09-02 07:31:19'),
(565, '00000022', 10002, 0.25, 1.25, '2022-09-02 07:32:55'),
(566, '00000014', 7755139002809, 3, 69, '2022-09-04 02:54:10'),
(567, '00000015', 7754725000281, 5, 17.5, '2022-09-04 03:34:17'),
(568, '00000016', 7751271021975, 1, 3.3, '2022-09-04 03:34:51'),
(569, '00000016', 7750182006088, 1, 2.5, '2022-09-04 03:34:51'),
(570, '00000016', 7750151003902, 1, 8.8, '2022-09-04 03:34:51'),
(571, '00000016', 7750885012928, 1, 0.8, '2022-09-04 03:34:51'),
(572, '00000016', 7750106002608, 1, 0.8, '2022-09-04 03:34:51'),
(573, '00000017', 7751271027656, 1, 5, '2022-09-04 04:01:17'),
(574, '00000018', 7750182002363, 1, 1.8, '2022-09-04 04:56:24'),
(575, '00000019', 7754725000281, 4, 14, '2022-09-01 07:27:17'),
(576, '00000019', 7750182002363, 4, 7.2, '2022-09-03 07:27:17'),
(577, '00000020', 7759222002097, 1, 9.5, '2022-09-03 07:29:41'),
(578, '00000020', 7755139002809, 1, 20, '2022-09-03 07:29:41'),
(579, '00000021', 10001, 4, 9.2, '2022-09-03 07:31:19'),
(580, '00000022', 10002, 0.25, 1.25, '2022-09-03 07:32:55'),
(582, '00000015', 7754725000281, 5, 17.5, '2022-09-05 03:34:17'),
(583, '00000016', 7751271021975, 1, 3.3, '2022-09-05 03:34:51'),
(584, '00000016', 7750182006088, 1, 2.5, '2022-09-05 03:34:51'),
(585, '00000016', 7750151003902, 1, 8.8, '2022-09-05 03:34:51'),
(586, '00000016', 7750885012928, 1, 0.8, '2022-09-05 03:34:51'),
(587, '00000016', 7750106002608, 1, 0.8, '2022-09-05 03:34:51'),
(588, '00000017', 7751271027656, 1, 5, '2022-09-05 04:01:17'),
(589, '00000018', 7750182002363, 1, 1.8, '2022-09-05 04:56:24'),
(590, '00000019', 7754725000281, 4, 14, '2022-09-04 07:27:17'),
(591, '00000019', 7750182002363, 4, 7.2, '2022-09-04 07:27:17'),
(592, '00000020', 7759222002097, 1, 9.5, '2022-09-04 07:29:41'),
(593, '00000020', 7755139002809, 1, 20, '2022-09-04 07:29:41'),
(594, '00000021', 10001, 4, 9.2, '2022-09-04 07:31:19'),
(595, '00000022', 10002, 0.25, 1.25, '2022-09-04 07:32:55'),
(596, '00000014', 7755139002809, 3, 69, '2022-09-06 02:54:10'),
(597, '00000015', 7754725000281, 5, 17.5, '2022-09-06 03:34:17'),
(598, '00000016', 7751271021975, 1, 3.3, '2022-09-06 03:34:51'),
(599, '00000016', 7750182006088, 1, 2.5, '2022-09-06 03:34:51'),
(600, '00000016', 7750151003902, 1, 8.8, '2022-09-06 03:34:51'),
(601, '00000016', 7750885012928, 1, 0.8, '2022-09-06 03:34:51'),
(602, '00000016', 7750106002608, 1, 0.8, '2022-09-06 03:34:51'),
(603, '00000017', 7751271027656, 1, 5, '2022-09-06 04:01:17'),
(604, '00000018', 7750182002363, 1, 1.8, '2022-09-06 04:56:24'),
(605, '00000019', 7754725000281, 4, 14, '2022-09-05 07:27:17'),
(606, '00000019', 7750182002363, 4, 7.2, '2022-09-05 07:27:17'),
(607, '00000020', 7759222002097, 1, 9.5, '2022-09-05 07:29:41'),
(608, '00000020', 7755139002809, 1, 20, '2022-09-05 07:29:41'),
(609, '00000021', 10001, 4, 9.2, '2022-09-05 07:31:19'),
(610, '00000022', 10002, 0.25, 1.25, '2022-09-05 07:32:55'),
(611, '00000014', 7755139002809, 3, 69, '2021-11-02 02:54:10'),
(612, '00000015', 7754725000281, 5, 17.5, '2022-09-07 03:34:17'),
(613, '00000016', 7751271021975, 1, 3.3, '2022-09-07 03:34:51'),
(614, '00000016', 7750182006088, 1, 2.5, '2022-09-07 03:34:51'),
(615, '00000016', 7750151003902, 1, 8.8, '2022-09-07 03:34:51'),
(616, '00000016', 7750885012928, 1, 0.8, '2022-09-07 03:34:51'),
(617, '00000016', 7750106002608, 1, 0.8, '2022-09-07 03:34:51'),
(618, '00000017', 7751271027656, 1, 5, '2022-09-07 04:01:17'),
(619, '00000018', 7750182002363, 1, 1.8, '2022-09-07 04:56:24'),
(620, '00000019', 7754725000281, 4, 14, '2022-09-06 07:27:17'),
(621, '00000019', 7750182002363, 4, 7.2, '2022-09-06 07:27:17'),
(622, '00000020', 7759222002097, 1, 9.5, '2022-09-06 07:29:41'),
(623, '00000020', 7755139002809, 1, 20, '2022-09-06 07:29:41'),
(624, '00000021', 10001, 4, 9.2, '2022-09-06 07:31:19'),
(625, '00000022', 10002, 0.25, 1.25, '2022-09-06 07:32:55'),
(626, '00000014', 7755139002809, 3, 69, '2022-09-08 02:54:10'),
(627, '00000015', 7754725000281, 5, 17.5, '2022-09-08 03:34:17'),
(628, '00000016', 7751271021975, 1, 3.3, '2022-09-08 03:34:51'),
(629, '00000016', 7750182006088, 1, 2.5, '2022-09-08 03:34:51'),
(630, '00000016', 7750151003902, 1, 8.8, '2022-09-08 03:34:51'),
(631, '00000016', 7750885012928, 1, 0.8, '2022-09-08 03:34:51'),
(632, '00000016', 7750106002608, 1, 0.8, '2022-09-08 03:34:51'),
(633, '00000017', 7751271027656, 1, 5, '2022-09-02 04:01:17'),
(634, '00000018', 7750182002363, 1, 1.8, '2022-09-08 04:56:24'),
(635, '00000019', 7754725000281, 4, 14, '2022-09-07 07:27:17'),
(636, '00000019', 7750182002363, 4, 7.2, '2022-09-07 07:27:17'),
(637, '00000020', 7759222002097, 1, 9.5, '2022-09-07 07:29:41'),
(638, '00000020', 7755139002809, 1, 20, '2022-09-07 07:29:41'),
(639, '00000021', 10001, 4, 9.2, '2022-09-01 07:31:19'),
(640, '00000022', 10002, 0.25, 1.25, '2022-09-07 07:32:55'),
(644, '00000024', 7755139002809, 3, 60, '2022-09-07 22:27:45'),
(645, '', 7755139002848, 1, 1.8, '2022-09-11 22:24:37'),
(646, '00000026', 7755139002813, 1, 0.5, '2022-09-11 23:26:39'),
(647, '00000027', 7755139002815, 1, 0.6, '2022-09-23 02:30:52'),
(648, '00000028', 7755139002897, 3, 20.7, '2022-09-23 02:31:19'),
(649, '00000029', 1212, 3, 6, '2022-09-23 03:00:33'),
(650, '00000029', 7755139002839, 2, 2.4, '2022-09-23 03:00:33'),
(651, '00000030', 1212, 9, 18, '2022-09-23 03:01:25'),
(652, '00000031', 7755139002812, 1, 0.3, '2022-09-24 14:53:43'),
(653, '00000031', 7755139002811, 1, 5, '2022-09-24 14:53:43'),
(654, '00000032', 7755139002811, 1, 5, '2022-10-01 05:45:46'),
(655, '00000033', 7755139002814, 1, 0.6, '2022-10-01 11:58:47'),
(656, '00000034', 7755139002819, 1, 0.8, '2022-10-01 11:59:23'),
(657, '00000035', 7755139002822, 2, 1.6, '2022-10-01 12:14:19'),
(658, '00000036', 7755139002819, 1, 0.8, '2022-10-01 12:15:15'),
(659, '00000037', 7755139002819, 1, 0.8, '2022-10-01 12:15:46'),
(660, '00000038', 7755139002821, 1, 0.8, '2022-10-01 12:16:15'),
(661, '00000038', 7755139002816, 1, 0.7, '2022-10-01 12:16:15'),
(662, '00000039', 7755139002818, 1, 0.8, '2022-10-01 12:16:59'),
(663, '00000040', 7755139002815, 1, 0.6, '2022-10-01 12:17:26'),
(664, '00000041', 7755139002816, 1, 0.7, '2022-10-01 12:17:43'),
(665, '00000042', 7755139002903, 1, 12.1, '2022-10-01 12:18:12'),
(666, '00000043', 7755139002823, 1, 0.8, '2022-10-01 12:21:03'),
(667, '00000044', 7755139002815, 1, 0.6, '2022-10-01 12:21:21'),
(668, '00000045', 7755139002810, 1, 5, '2022-10-01 15:43:08'),
(669, '00000046', 7755139002820, 1, 0.8, '2022-10-01 15:43:17'),
(670, '00000047', 7755139002844, 1, 1.5, '2022-10-01 15:43:36'),
(671, '00000048', 7755139002839, 3, 3.6, '2022-10-01 15:43:57'),
(672, '00000049', 7755139002824, 1, 0.8, '2022-10-01 15:44:40'),
(673, '00000050', 7755139002817, 1, 0.8, '2022-10-01 15:44:49'),
(674, '00000051', 7755139002821, 1, 0.8, '2022-10-01 16:00:43'),
(675, '00000052', 7755139002813, 1, 0.5, '2022-10-02 03:44:40'),
(676, '00000053', 7755139002816, 1, 0.7, '2022-10-02 03:44:47'),
(677, '00000054', 7755139002904, 2, 24.8, '2022-10-02 03:45:04'),
(678, '00000055', 7755139002902, 2, 19, '2022-10-02 03:45:19');

--
-- Índices para tablas volcadas
--

--
-- Indices de la tabla `candidatos`
--
ALTER TABLE `candidatos`
  ADD PRIMARY KEY (`id_candidato`),
  ADD KEY `ubigeo` (`ubigeo`),
  ADD KEY `codigo_agrupacion` (`codigo_agrupacion`);

--
-- Indices de la tabla `categorias`
--
ALTER TABLE `categorias`
  ADD PRIMARY KEY (`id_categoria`);

--
-- Indices de la tabla `distritos`
--
ALTER TABLE `distritos`
  ADD PRIMARY KEY (`ubigeo_reniec`);

--
-- Indices de la tabla `empresa`
--
ALTER TABLE `empresa`
  ADD PRIMARY KEY (`id_empresa`);

--
-- Indices de la tabla `grupos_politicos`
--
ALTER TABLE `grupos_politicos`
  ADD PRIMARY KEY (`codigo_agrupacion`);

--
-- Indices de la tabla `modulos`
--
ALTER TABLE `modulos`
  ADD PRIMARY KEY (`id`);

--
-- Indices de la tabla `modulos2`
--
ALTER TABLE `modulos2`
  ADD PRIMARY KEY (`id`);

--
-- Indices de la tabla `perfiles`
--
ALTER TABLE `perfiles`
  ADD PRIMARY KEY (`id_perfil`);

--
-- Indices de la tabla `perfiles2`
--
ALTER TABLE `perfiles2`
  ADD PRIMARY KEY (`id_perfil`);

--
-- Indices de la tabla `perfil_modulo`
--
ALTER TABLE `perfil_modulo`
  ADD PRIMARY KEY (`idperfil_modulo`),
  ADD KEY `id_perfil` (`id_perfil`),
  ADD KEY `id_modulo` (`id_modulo`);

--
-- Indices de la tabla `producto`
--
ALTER TABLE `producto`
  ADD PRIMARY KEY (`idProducto`);

--
-- Indices de la tabla `productos`
--
ALTER TABLE `productos`
  ADD PRIMARY KEY (`id`,`codigo_producto`);

--
-- Indices de la tabla `provincias`
--
ALTER TABLE `provincias`
  ADD PRIMARY KEY (`id_departamento`);

--
-- Indices de la tabla `region`
--
ALTER TABLE `region`
  ADD PRIMARY KEY (`id_region`) USING BTREE;

--
-- Indices de la tabla `tab_vt_distritales`
--
ALTER TABLE `tab_vt_distritales`
  ADD PRIMARY KEY (`id`),
  ADD UNIQUE KEY `codigo_agrupacion_2` (`codigo_agrupacion`),
  ADD KEY `codigo_agrupacion` (`codigo_agrupacion`),
  ADD KEY `vt_dist` (`vt_dist`);

--
-- Indices de la tabla `tab_vt_distrital_acta`
--
ALTER TABLE `tab_vt_distrital_acta`
  ADD PRIMARY KEY (`id`);

--
-- Indices de la tabla `tab_vt_provincial_acta`
--
ALTER TABLE `tab_vt_provincial_acta`
  ADD PRIMARY KEY (`id`);

--
-- Indices de la tabla `tab_vt_provincial_xdistritos`
--
ALTER TABLE `tab_vt_provincial_xdistritos`
  ADD PRIMARY KEY (`id`);

--
-- Indices de la tabla `tab_vt_regional_acta`
--
ALTER TABLE `tab_vt_regional_acta`
  ADD PRIMARY KEY (`id`);

--
-- Indices de la tabla `tab_vt_regional_xdistritos`
--
ALTER TABLE `tab_vt_regional_xdistritos`
  ADD PRIMARY KEY (`id`);

--
-- Indices de la tabla `usuarios`
--
ALTER TABLE `usuarios`
  ADD PRIMARY KEY (`id_usuario`),
  ADD KEY `id_perfil_usuario` (`id_perfil_usuario`),
  ADD KEY `fk_id_caja_idx` (`id_caja`);

--
-- Indices de la tabla `usuarios-ok23`
--
ALTER TABLE `usuarios-ok23`
  ADD PRIMARY KEY (`id_usuario`),
  ADD KEY `id_perfil_usuario` (`id_perfil_usuario`);

--
-- Indices de la tabla `venta_cabecera`
--
ALTER TABLE `venta_cabecera`
  ADD PRIMARY KEY (`id_boleta`);

--
-- Indices de la tabla `venta_detalle`
--
ALTER TABLE `venta_detalle`
  ADD PRIMARY KEY (`id`);

--
-- AUTO_INCREMENT de las tablas volcadas
--

--
-- AUTO_INCREMENT de la tabla `candidatos`
--
ALTER TABLE `candidatos`
  MODIFY `id_candidato` int(11) NOT NULL AUTO_INCREMENT, AUTO_INCREMENT=140912;

--
-- AUTO_INCREMENT de la tabla `categorias`
--
ALTER TABLE `categorias`
  MODIFY `id_categoria` int(11) NOT NULL AUTO_INCREMENT, AUTO_INCREMENT=99;

--
-- AUTO_INCREMENT de la tabla `empresa`
--
ALTER TABLE `empresa`
  MODIFY `id_empresa` int(11) NOT NULL AUTO_INCREMENT, AUTO_INCREMENT=2;

--
-- AUTO_INCREMENT de la tabla `grupos_politicos`
--
ALTER TABLE `grupos_politicos`
  MODIFY `codigo_agrupacion` int(11) NOT NULL AUTO_INCREMENT, AUTO_INCREMENT=19;

--
-- AUTO_INCREMENT de la tabla `modulos`
--
ALTER TABLE `modulos`
  MODIFY `id` int(11) NOT NULL AUTO_INCREMENT, AUTO_INCREMENT=31;

--
-- AUTO_INCREMENT de la tabla `modulos2`
--
ALTER TABLE `modulos2`
  MODIFY `id` int(11) NOT NULL AUTO_INCREMENT, AUTO_INCREMENT=15;

--
-- AUTO_INCREMENT de la tabla `perfiles`
--
ALTER TABLE `perfiles`
  MODIFY `id_perfil` int(11) NOT NULL AUTO_INCREMENT, AUTO_INCREMENT=3;

--
-- AUTO_INCREMENT de la tabla `perfiles2`
--
ALTER TABLE `perfiles2`
  MODIFY `id_perfil` int(11) NOT NULL AUTO_INCREMENT, AUTO_INCREMENT=3;

--
-- AUTO_INCREMENT de la tabla `perfil_modulo`
--
ALTER TABLE `perfil_modulo`
  MODIFY `idperfil_modulo` int(11) NOT NULL AUTO_INCREMENT, AUTO_INCREMENT=277;

--
-- AUTO_INCREMENT de la tabla `producto`
--
ALTER TABLE `producto`
  MODIFY `idProducto` int(11) NOT NULL AUTO_INCREMENT, AUTO_INCREMENT=42;

--
-- AUTO_INCREMENT de la tabla `productos`
--
ALTER TABLE `productos`
  MODIFY `id` int(11) NOT NULL AUTO_INCREMENT, AUTO_INCREMENT=391;

--
-- AUTO_INCREMENT de la tabla `provincias`
--
ALTER TABLE `provincias`
  MODIFY `id_departamento` int(2) NOT NULL AUTO_INCREMENT, AUTO_INCREMENT=26;

--
-- AUTO_INCREMENT de la tabla `tab_vt_distritales`
--
ALTER TABLE `tab_vt_distritales`
  MODIFY `id` int(11) NOT NULL AUTO_INCREMENT, AUTO_INCREMENT=251;

--
-- AUTO_INCREMENT de la tabla `tab_vt_distrital_acta`
--
ALTER TABLE `tab_vt_distrital_acta`
  MODIFY `id` int(11) NOT NULL AUTO_INCREMENT, AUTO_INCREMENT=21;

--
-- AUTO_INCREMENT de la tabla `tab_vt_provincial_acta`
--
ALTER TABLE `tab_vt_provincial_acta`
  MODIFY `id` int(11) NOT NULL AUTO_INCREMENT, AUTO_INCREMENT=131;

--
-- AUTO_INCREMENT de la tabla `tab_vt_provincial_xdistritos`
--
ALTER TABLE `tab_vt_provincial_xdistritos`
  MODIFY `id` int(11) NOT NULL AUTO_INCREMENT, AUTO_INCREMENT=1431;

--
-- AUTO_INCREMENT de la tabla `tab_vt_regional_acta`
--
ALTER TABLE `tab_vt_regional_acta`
  MODIFY `id` int(11) NOT NULL AUTO_INCREMENT, AUTO_INCREMENT=3;

--
-- AUTO_INCREMENT de la tabla `tab_vt_regional_xdistritos`
--
ALTER TABLE `tab_vt_regional_xdistritos`
  MODIFY `id` int(11) NOT NULL AUTO_INCREMENT, AUTO_INCREMENT=22;

--
-- AUTO_INCREMENT de la tabla `usuarios`
--
ALTER TABLE `usuarios`
  MODIFY `id_usuario` int(11) NOT NULL AUTO_INCREMENT, AUTO_INCREMENT=10;

--
-- AUTO_INCREMENT de la tabla `usuarios-ok23`
--
ALTER TABLE `usuarios-ok23`
  MODIFY `id_usuario` int(11) NOT NULL AUTO_INCREMENT, AUTO_INCREMENT=3;

--
-- AUTO_INCREMENT de la tabla `venta_cabecera`
--
ALTER TABLE `venta_cabecera`
  MODIFY `id_boleta` int(11) NOT NULL AUTO_INCREMENT, AUTO_INCREMENT=88;

--
-- AUTO_INCREMENT de la tabla `venta_detalle`
--
ALTER TABLE `venta_detalle`
  MODIFY `id` int(11) NOT NULL AUTO_INCREMENT, AUTO_INCREMENT=679;

--
-- Restricciones para tablas volcadas
--

--
-- Filtros para la tabla `perfil_modulo`
--
ALTER TABLE `perfil_modulo`
  ADD CONSTRAINT `id_modulo` FOREIGN KEY (`id_modulo`) REFERENCES `modulos` (`id`) ON DELETE NO ACTION ON UPDATE NO ACTION,
  ADD CONSTRAINT `id_perfil` FOREIGN KEY (`id_perfil`) REFERENCES `perfiles` (`id_perfil`) ON DELETE CASCADE ON UPDATE CASCADE;

--
-- Filtros para la tabla `usuarios-ok23`
--
ALTER TABLE `usuarios-ok23`
  ADD CONSTRAINT `usuarios-ok23_ibfk_1` FOREIGN KEY (`id_perfil_usuario`) REFERENCES `perfiles` (`id_perfil`);
COMMIT;

/*!40101 SET CHARACTER_SET_CLIENT=@OLD_CHARACTER_SET_CLIENT */;
/*!40101 SET CHARACTER_SET_RESULTS=@OLD_CHARACTER_SET_RESULTS */;
/*!40101 SET COLLATION_CONNECTION=@OLD_COLLATION_CONNECTION */;